<?xml version = '1.0' encoding = 'UTF-8'?>
<FKIndexAssociation class="oracle.dbtools.crest.model.design.relational.FKIndexAssociation" directorySegmentName="seg_0" id="5529C339-59B2-B0AF-4697-D593C7C3250C" containerWithKeyObject="67A1BEF8-4E79-6641-DA8E-8D3E3F9E58B3" localFKIndex="989CAB7B-6E5E-2EF4-A9B2-57A1772D0202" name="FK_ATENCION_MEDICA_PACIENTEv2">
<createdBy>Dxtro</createdBy>
<createdTime>2025-09-15 23:51:47 UTC</createdTime>
<generatorID>6CC0CF5D-64CB-517B-1831-C525042AA4CF</generatorID>
<ownerDesignName>Clinica_Diego_Ignacio_grupo22</ownerDesignName>
<referredTableLongName>PACIENTE</referredTableLongName>
<deleteRule>NO ACTION</deleteRule>
<referredTableID>12191CB6-5684-96FB-A61D-5E3ACFA9C2AE</referredTableID>
<keyObject>9F4FD1F8-E254-5C4C-B1AA-EAEB32BCBF5C</keyObject>
<referredKeyID>9F4FD1F8-E254-5C4C-B1AA-EAEB32BCBF5C</referredKeyID>
<mandatory>true</mandatory>
<refColNames>id_paciente</refColNames>
<transferable>true</transferable>
<rely>false</rely>
<columnDependencyConstraintGenerateInDDL>true</columnDependencyConstraintGenerateInDDL>
</FKIndexAssociation>