<?xml version = '1.0' encoding = 'UTF-8'?>
<FKIndexAssociation class="oracle.dbtools.crest.model.design.relational.FKIndexAssociation" directorySegmentName="seg_0" id="7A3733EC-F4F2-5B4A-46E1-F817C9C41258" containerWithKeyObject="298FCD2B-887D-903D-B9C1-D41740DE10D5" localFKIndex="9ADDF443-3900-EDD4-08EF-D5AD62AB1957" name="FK_SOLICITUD_EXAMEN">
<createdBy>Dxtro</createdBy>
<createdTime>2025-09-15 23:51:47 UTC</createdTime>
<generatorID>72001D02-6123-94D3-EB05-C5F42962CC10</generatorID>
<ownerDesignName>Clinica_Diego_Ignacio_grupo22</ownerDesignName>
<referredTableLongName>EXAMEN</referredTableLongName>
<deleteRule>CASCADE</deleteRule>
<referredTableID>372559C5-8662-1472-1832-4AF4B7701FF0</referredTableID>
<keyObject>634F4B40-E2FF-0571-E087-E704B52C408F</keyObject>
<referredKeyID>634F4B40-E2FF-0571-E087-E704B52C408F</referredKeyID>
<mandatory>true</mandatory>
<refColNames>id_examen</refColNames>
<transferable>true</transferable>
<rely>false</rely>
<columnDependencyConstraintGenerateInDDL>true</columnDependencyConstraintGenerateInDDL>
</FKIndexAssociation>