<?xml version = '1.0' encoding = 'UTF-8'?>
<FKIndexAssociation class="oracle.dbtools.crest.model.design.relational.FKIndexAssociation" directorySegmentName="seg_0" id="8099143E-C1DB-6E93-D9D5-95CEC142EBA6" containerWithKeyObject="4431B8EF-6FD0-976C-5D15-43273CBF819E" localFKIndex="913EEC41-E616-78EE-7DB7-1BE04ABD4D74" name="FK_MEDICO_AFP">
<createdBy>Dxtro</createdBy>
<createdTime>2025-09-15 23:51:47 UTC</createdTime>
<generatorID>75444279-8D5A-0B17-9285-2AFD81A0F8C6</generatorID>
<ownerDesignName>Clinica_Diego_Ignacio_grupo22</ownerDesignName>
<referredTableLongName>AFP</referredTableLongName>
<deleteRule>NO ACTION</deleteRule>
<referredTableID>09770882-F2C0-D7FD-937E-7BDA13FD91C7</referredTableID>
<keyObject>96A91A50-CDFA-4209-1366-0515442434BF</keyObject>
<referredKeyID>96A91A50-CDFA-4209-1366-0515442434BF</referredKeyID>
<mandatory>true</mandatory>
<refColNames>id_afp</refColNames>
<transferable>true</transferable>
<rely>false</rely>
<columnDependencyConstraintGenerateInDDL>true</columnDependencyConstraintGenerateInDDL>
</FKIndexAssociation>