<?xml version = '1.0' encoding = 'UTF-8'?>
<FKIndexAssociation class="oracle.dbtools.crest.model.design.relational.FKIndexAssociation" directorySegmentName="seg_0" id="81A3E2AD-3AB6-A55C-B166-EE1C574F0491" containerWithKeyObject="67A1BEF8-4E79-6641-DA8E-8D3E3F9E58B3" localFKIndex="1D1C6E3C-4126-F076-8401-99438B2DB589" name="FK_ATENCION_MEDICA_ESPECIALIDAD">
<createdBy>Dxtro</createdBy>
<createdTime>2025-09-16 01:16:05 UTC</createdTime>
<ownerDesignName>Clinica_Diego_Ignacio_grupo22</ownerDesignName>
<referredTableLongName>ESPECIALIDAD</referredTableLongName>
<deleteRule>NO ACTION</deleteRule>
<referredTableID>91DC00AC-8551-B592-1606-FE2056717EC1</referredTableID>
<keyObject>8B0B3245-8860-AE0F-2CDA-1671C3BBBDB2</keyObject>
<referredKeyID>8B0B3245-8860-AE0F-2CDA-1671C3BBBDB2</referredKeyID>
<mandatory>true</mandatory>
<refColNames>id_especialidad</refColNames>
<transferable>true</transferable>
<rely>false</rely>
<columnDependencyConstraintGenerateInDDL>true</columnDependencyConstraintGenerateInDDL>
</FKIndexAssociation>