<?xml version = '1.0' encoding = 'UTF-8'?>
<FKIndexAssociation class="oracle.dbtools.crest.model.design.relational.FKIndexAssociation" directorySegmentName="seg_0" id="89581EF2-3B75-409E-5F36-B3629F40F494" containerWithKeyObject="4431B8EF-6FD0-976C-5D15-43273CBF819E" localFKIndex="849CE76F-27EE-38B4-F596-228C70349456" name="FK_MEDICO_SUPERVISOR">
<createdBy>Dxtro</createdBy>
<createdTime>2025-09-16 01:26:33 UTC</createdTime>
<ownerDesignName>Clinica_Diego_Ignacio_grupo22</ownerDesignName>
<referredTableLongName>MEDICO</referredTableLongName>
<deleteRule>NO ACTION</deleteRule>
<referredTableID>4431B8EF-6FD0-976C-5D15-43273CBF819E</referredTableID>
<keyObject>F5CFC1D9-B8C4-E2AB-9139-A4BBD5F584E0</keyObject>
<referredKeyID>F5CFC1D9-B8C4-E2AB-9139-A4BBD5F584E0</referredKeyID>
<mandatory>true</mandatory>
<refColNames>id_medico</refColNames>
<transferable>false</transferable>
<rely>false</rely>
<columnDependencyConstraintGenerateInDDL>true</columnDependencyConstraintGenerateInDDL>
</FKIndexAssociation>