<?xml version = '1.0' encoding = 'UTF-8'?>
<FKIndexAssociation class="oracle.dbtools.crest.model.design.relational.FKIndexAssociation" directorySegmentName="seg_0" id="8FD1B82C-C08F-FEC0-75FA-0A978BFFACBE" containerWithKeyObject="65C73698-3428-1B88-D13A-C6A2222A2435" localFKIndex="A6A7D7CC-4843-06F2-EC89-22559E4D2325" name="FK_PAGO_ATENCION_ATENCION_MEDICA">
<createdBy>Dxtro</createdBy>
<createdTime>2025-09-15 23:51:47 UTC</createdTime>
<generatorID>3809DAD4-A9E9-6A63-FCCF-76CAB6F8844F</generatorID>
<ownerDesignName>Clinica_Diego_Ignacio_grupo22</ownerDesignName>
<referredTableLongName>ATENCION_MEDICA</referredTableLongName>
<deleteRule>NO ACTION</deleteRule>
<referredTableID>67A1BEF8-4E79-6641-DA8E-8D3E3F9E58B3</referredTableID>
<keyObject>C6D73CBD-6121-DFA5-E0F4-77FAC47F294A</keyObject>
<referredKeyID>C6D73CBD-6121-DFA5-E0F4-77FAC47F294A</referredKeyID>
<mandatory>true</mandatory>
<refColNames>id_atencion</refColNames>
<transferable>false</transferable>
<rely>false</rely>
<columnDependencyConstraintGenerateInDDL>true</columnDependencyConstraintGenerateInDDL>
</FKIndexAssociation>