<?xml version = '1.0' encoding = 'UTF-8'?>
<FKIndexAssociation class="oracle.dbtools.crest.model.design.relational.FKIndexAssociation" directorySegmentName="seg_0" id="96FD0838-8146-4A79-D8E3-4B7E62B3FE62" containerWithKeyObject="298FCD2B-887D-903D-B9C1-D41740DE10D5" localFKIndex="89740396-6F4A-D29B-9A53-C8672CB244B7" name="FK_SOLICITUD_ATENCION">
<createdBy>Dxtro</createdBy>
<createdTime>2025-09-16 01:37:51 UTC</createdTime>
<ownerDesignName>Clinica_Diego_Ignacio_grupo22</ownerDesignName>
<referredTableLongName>ATENCION_MEDICA</referredTableLongName>
<deleteRule>CASCADE</deleteRule>
<referredTableID>67A1BEF8-4E79-6641-DA8E-8D3E3F9E58B3</referredTableID>
<keyObject>C6D73CBD-6121-DFA5-E0F4-77FAC47F294A</keyObject>
<referredKeyID>C6D73CBD-6121-DFA5-E0F4-77FAC47F294A</referredKeyID>
<mandatory>true</mandatory>
<refColNames>id_atencion</refColNames>
<transferable>true</transferable>
<rely>false</rely>
<columnDependencyConstraintGenerateInDDL>true</columnDependencyConstraintGenerateInDDL>
</FKIndexAssociation>