<?xml version = '1.0' encoding = 'UTF-8'?>
<FKIndexAssociation class="oracle.dbtools.crest.model.design.relational.FKIndexAssociation" directorySegmentName="seg_0" id="A49A6046-A20F-75D5-26D6-5538BA1E635A" containerWithKeyObject="4431B8EF-6FD0-976C-5D15-43273CBF819E" localFKIndex="EF7F60F9-E916-B0BD-12B9-A2A15A0EEE52" name="FK_MEDICO_ESPECIALIDAD">
<createdBy>Dxtro</createdBy>
<createdTime>2025-09-15 23:51:47 UTC</createdTime>
<generatorID>5D12A1DA-7E34-DF25-26C5-0B1E301485A9</generatorID>
<ownerDesignName>Clinica_Diego_Ignacio_grupo22</ownerDesignName>
<referredTableLongName>ESPECIALIDAD</referredTableLongName>
<deleteRule>NO ACTION</deleteRule>
<referredTableID>91DC00AC-8551-B592-1606-FE2056717EC1</referredTableID>
<keyObject>8B0B3245-8860-AE0F-2CDA-1671C3BBBDB2</keyObject>
<referredKeyID>8B0B3245-8860-AE0F-2CDA-1671C3BBBDB2</referredKeyID>
<mandatory>true</mandatory>
<refColNames>id_especialidad</refColNames>
<transferable>true</transferable>
<rely>false</rely>
<columnDependencyConstraintGenerateInDDL>true</columnDependencyConstraintGenerateInDDL>
</FKIndexAssociation>