<?xml version = '1.0' encoding = 'UTF-8'?>
<FKIndexAssociation class="oracle.dbtools.crest.model.design.relational.FKIndexAssociation" directorySegmentName="seg_0" id="AE11C6B4-A57F-502D-C675-8C02996AEC68" containerWithKeyObject="4431B8EF-6FD0-976C-5D15-43273CBF819E" localFKIndex="6B33D444-965E-F5F8-8216-76778F2954A1" name="FK_MEDICO_INSTITUCION">
<createdBy>Dxtro</createdBy>
<createdTime>2025-09-15 23:51:47 UTC</createdTime>
<generatorID>F2044B63-2875-87BC-2E9C-CEC845AC8407</generatorID>
<ownerDesignName>Clinica_Diego_Ignacio_grupo22</ownerDesignName>
<referredTableLongName>INSTITUCION_SALUD</referredTableLongName>
<deleteRule>NO ACTION</deleteRule>
<referredTableID>57537723-7031-DFC4-72C9-5E7A8F947280</referredTableID>
<keyObject>39F35B03-FDDA-6909-BD0B-663AB9EA8799</keyObject>
<referredKeyID>39F35B03-FDDA-6909-BD0B-663AB9EA8799</referredKeyID>
<mandatory>true</mandatory>
<refColNames>id_institucion</refColNames>
<transferable>true</transferable>
<rely>false</rely>
<columnDependencyConstraintGenerateInDDL>true</columnDependencyConstraintGenerateInDDL>
</FKIndexAssociation>