<?xml version = '1.0' encoding = 'UTF-8'?>
<FKIndexAssociation class="oracle.dbtools.crest.model.design.relational.FKIndexAssociation" directorySegmentName="seg_0" id="CA95624A-175A-729E-1E2D-BDF2B4324241" containerWithKeyObject="1B004078-8D45-1E6C-6D89-7415D03717AE" localFKIndex="B3A4D17C-1F34-28DD-4745-21D6AD0474BE" name="FK_COMUNA_REGION">
<createdBy>Dxtro</createdBy>
<createdTime>2025-09-15 23:51:47 UTC</createdTime>
<generatorID>C762390A-3A88-651F-EB63-22F458F36B8A</generatorID>
<ownerDesignName>Clinica_Diego_Ignacio_grupo22</ownerDesignName>
<referredTableLongName>REGION</referredTableLongName>
<deleteRule>NO ACTION</deleteRule>
<referredTableID>39913F0D-F2CE-557A-8A28-CD6262DEF361</referredTableID>
<keyObject>8CB8D31F-82C3-0B4D-6098-5B95A0C99089</keyObject>
<referredKeyID>8CB8D31F-82C3-0B4D-6098-5B95A0C99089</referredKeyID>
<mandatory>true</mandatory>
<refColNames>id_region</refColNames>
<transferable>true</transferable>
<rely>false</rely>
<columnDependencyConstraintGenerateInDDL>true</columnDependencyConstraintGenerateInDDL>
</FKIndexAssociation>