<?xml version = '1.0' encoding = 'UTF-8'?>
<FKIndexAssociation class="oracle.dbtools.crest.model.design.relational.FKIndexAssociation" directorySegmentName="seg_0" id="D2C3296F-F721-A88A-B5E4-07DD12C33247" containerWithKeyObject="085505EA-592A-0A1A-BCC3-27C8BF57C3DE" localFKIndex="BEF67AE0-D9D3-5A30-1C54-E8DF9AFDF8E5" name="FK_RESULTADO_SOLICITUD">
<createdBy>Dxtro</createdBy>
<createdTime>2025-09-15 23:51:47 UTC</createdTime>
<generatorID>62B24658-0AD2-C53F-43CD-0A39E256E7A8</generatorID>
<ownerDesignName>Clinica_Diego_Ignacio_grupo22</ownerDesignName>
<referredTableLongName>SOLICITUD_EXAMEN</referredTableLongName>
<deleteRule>CASCADE</deleteRule>
<referredTableID>298FCD2B-887D-903D-B9C1-D41740DE10D5</referredTableID>
<keyObject>F9F97528-9B18-FABA-8254-0C22F9129F6B</keyObject>
<referredKeyID>F9F97528-9B18-FABA-8254-0C22F9129F6B</referredKeyID>
<mandatory>true</mandatory>
<refColNames>id_solicitud</refColNames>
<transferable>true</transferable>
<rely>false</rely>
<columnDependencyConstraintGenerateInDDL>true</columnDependencyConstraintGenerateInDDL>
</FKIndexAssociation>