<?xml version = '1.0' encoding = 'UTF-8'?>
<FKIndexAssociation class="oracle.dbtools.crest.model.design.relational.FKIndexAssociation" directorySegmentName="seg_0" id="DDC3B458-B9BF-E62F-1FA0-F2068AF2FAAD" containerWithKeyObject="67A1BEF8-4E79-6641-DA8E-8D3E3F9E58B3" localFKIndex="27A9A4D5-5763-F0DB-489E-DC5F8D3B8A8B" name="FK_ATENCION_MEDICA_MEDICO">
<createdBy>Dxtro</createdBy>
<createdTime>2025-09-16 01:05:05 UTC</createdTime>
<ownerDesignName>Clinica_Diego_Ignacio_grupo22</ownerDesignName>
<referredTableLongName>MEDICO</referredTableLongName>
<deleteRule>NO ACTION</deleteRule>
<referredTableID>4431B8EF-6FD0-976C-5D15-43273CBF819E</referredTableID>
<keyObject>F5CFC1D9-B8C4-E2AB-9139-A4BBD5F584E0</keyObject>
<referredKeyID>F5CFC1D9-B8C4-E2AB-9139-A4BBD5F584E0</referredKeyID>
<mandatory>true</mandatory>
<refColNames>id_medico</refColNames>
<transferable>false</transferable>
<rely>false</rely>
<columnDependencyConstraintGenerateInDDL>true</columnDependencyConstraintGenerateInDDL>
</FKIndexAssociation>