<?xml version = '1.0' encoding = 'UTF-8'?>
<FKIndexAssociation class="oracle.dbtools.crest.model.design.relational.FKIndexAssociation" directorySegmentName="seg_0" id="DFFE7624-7AD2-4363-1213-D3111AD23003" containerWithKeyObject="4431B8EF-6FD0-976C-5D15-43273CBF819E" localFKIndex="F5C01F41-D5BC-761B-F6C8-6FF0E98A6E2F" name="FK_MEDICO_UNIDAD">
<createdBy>Dxtro</createdBy>
<createdTime>2025-09-15 23:51:47 UTC</createdTime>
<generatorID>6CEB02EC-815F-267A-5684-DDE87FAAED02</generatorID>
<ownerDesignName>Clinica_Diego_Ignacio_grupo22</ownerDesignName>
<referredTableLongName>UNIDAD_ATENCION</referredTableLongName>
<deleteRule>NO ACTION</deleteRule>
<referredTableID>5D06641C-0287-DBF0-6365-C72915D5C6F0</referredTableID>
<keyObject>35344FFF-D875-DB52-C41F-170BBED0293F</keyObject>
<referredKeyID>35344FFF-D875-DB52-C41F-170BBED0293F</referredKeyID>
<mandatory>true</mandatory>
<refColNames>id_unidad</refColNames>
<transferable>true</transferable>
<rely>false</rely>
<columnDependencyConstraintGenerateInDDL>true</columnDependencyConstraintGenerateInDDL>
</FKIndexAssociation>