<?xml version = '1.0' encoding = 'UTF-8'?>
<FKIndexAssociation class="oracle.dbtools.crest.model.design.relational.FKIndexAssociation" directorySegmentName="seg_0" id="EC7551EE-D5B0-0345-CEBF-B59F06B8FACC" containerWithKeyObject="12191CB6-5684-96FB-A61D-5E3ACFA9C2AE" localFKIndex="17AEEE60-E06A-A61B-AF90-8B76C9640317" name="FK_PACIENTE_COMUNA">
<createdBy>Dxtro</createdBy>
<createdTime>2025-09-15 23:51:47 UTC</createdTime>
<generatorID>75C4F4F0-B67A-F0CE-07B2-13A40E22FD78</generatorID>
<ownerDesignName>Clinica_Diego_Ignacio_grupo22</ownerDesignName>
<referredTableLongName>COMUNA</referredTableLongName>
<deleteRule>NO ACTION</deleteRule>
<referredTableID>1B004078-8D45-1E6C-6D89-7415D03717AE</referredTableID>
<keyObject>B738051C-70BD-F2FB-3BE9-541DD0D23ACF</keyObject>
<referredKeyID>B738051C-70BD-F2FB-3BE9-541DD0D23ACF</referredKeyID>
<mandatory>true</mandatory>
<refColNames>id_comuna</refColNames>
<transferable>true</transferable>
<rely>false</rely>
<columnDependencyConstraintGenerateInDDL>true</columnDependencyConstraintGenerateInDDL>
</FKIndexAssociation>