<?xml version = '1.0' encoding = 'UTF-8'?>
<Relation class="oracle.dbtools.crest.model.design.logical.Relation" name="REL_EMPLEADO_RESERVA" directorySegmentName="seg_0" id="0D74B1BD-3C8E-322D-C9FC-32C55CD63484">
<createdBy>Dxtro</createdBy>
<createdTime>2025-08-19 01:23:28 UTC</createdTime>
<ownerDesignName>Modelo_Avion</ownerDesignName>
<engineerTo>
<item key="36092E9D-1244-8A09-E211-60A134ACCD02" value="true"/>
</engineerTo>
<sourcePk>699383F8-AE08-7142-E9A6-24DC8D48C6E4</sourcePk>
<targetPk>8CD3AC96-05C4-8397-B68F-09CFA1389FEE</targetPk>
<identifying>false</identifying>
<nameOnSource>atiende</nameOnSource>
<nameOnTarget>es_atendida_por</nameOnTarget>
<optionalSource>true</optionalSource>
<optionalTarget>false</optionalTarget>
<sourceCardinality>1</sourceCardinality>
<sourceEntity>CCB7CB55-6F10-A2CD-5C45-87B41231AEB5</sourceEntity>
<targetCardinalityString>*</targetCardinalityString>
<targetEntity>EE9D444F-AE0F-7618-73F1-256D059C56F6</targetEntity>
<transferable>true</transferable>
<deleteRule>NO ACTION</deleteRule>
</Relation>