<?xml version = '1.0' encoding = 'UTF-8'?>
<Relation class="oracle.dbtools.crest.model.design.logical.Relation" name="REL_PASAJERO_RESERVA" directorySegmentName="seg_0" id="B7AF36B0-E09B-A1A6-0438-5D2EC71DC95F">
<createdBy>Dxtro</createdBy>
<createdTime>2025-08-19 01:12:15 UTC</createdTime>
<ownerDesignName>Modelo_Avion</ownerDesignName>
<engineerTo>
<item key="36092E9D-1244-8A09-E211-60A134ACCD02" value="true"/>
</engineerTo>
<sourcePk>88927BA0-5E2A-1872-0D73-6168E76C8A35</sourcePk>
<targetPk>8CD3AC96-05C4-8397-B68F-09CFA1389FEE</targetPk>
<identifying>false</identifying>
<nameOnSource>realiza</nameOnSource>
<nameOnTarget>pertenece_a_pasajero</nameOnTarget>
<optionalSource>true</optionalSource>
<optionalTarget>false</optionalTarget>
<sourceCardinality>1</sourceCardinality>
<sourceEntity>92918D15-883E-313E-806B-53224D09EFEC</sourceEntity>
<targetCardinalityString>*</targetCardinalityString>
<targetEntity>EE9D444F-AE0F-7618-73F1-256D059C56F6</targetEntity>
<transferable>true</transferable>
<deleteRule>NO ACTION</deleteRule>
</Relation>