<?xml version = '1.0' encoding = 'UTF-8'?>
<Relation class="oracle.dbtools.crest.model.design.logical.Relation" name="REL_VUELO_RESERVA" directorySegmentName="seg_0" id="E6546D89-1D81-B9A4-4AA0-C27141BA89B0">
<createdBy>Dxtro</createdBy>
<createdTime>2025-08-19 01:25:42 UTC</createdTime>
<ownerDesignName>Modelo_Avion</ownerDesignName>
<engineerTo>
<item key="36092E9D-1244-8A09-E211-60A134ACCD02" value="true"/>
</engineerTo>
<sourcePk>EF0B1B83-E090-21AD-B72F-F7F48878A197</sourcePk>
<targetPk>8CD3AC96-05C4-8397-B68F-09CFA1389FEE</targetPk>
<identifying>false</identifying>
<nameOnSource>tiene_reserva</nameOnSource>
<nameOnTarget>corresponde_a_vuelo</nameOnTarget>
<optionalSource>true</optionalSource>
<optionalTarget>false</optionalTarget>
<sourceCardinality>1</sourceCardinality>
<sourceEntity>B6CA7E20-5AAC-DCE5-4B10-7B28BD8A7E05</sourceEntity>
<targetCardinalityString>*</targetCardinalityString>
<targetEntity>EE9D444F-AE0F-7618-73F1-256D059C56F6</targetEntity>
<transferable>true</transferable>
<deleteRule>NO ACTION</deleteRule>
</Relation>