<?xml version = '1.0' encoding = 'UTF-8'?>
<relationalModel class="oracle.dbtools.crest.model.design.relational.RelationalDesign" name="Relational_1" id="36092E9D-1244-8A09-E211-60A134ACCD02" mainViewID="5C0F66E9-5EBA-BB40-3CEA-87251296F606">
<createdBy>Dxtro</createdBy>
<createdTime>2025-08-19 00:40:27 UTC</createdTime>
<ownerDesignName>Modelo_Avion</ownerDesignName>
<shouldBeOpen>false</shouldBeOpen>
<selectedRDBMSSite>32076570-2523-435C-2E92-BF29817DFF70</selectedRDBMSSite>
</relationalModel>