<?xml version = '1.0' encoding = 'UTF-8'?>
<relationalModel class="oracle.dbtools.crest.model.design.relational.RelationalDesign" name="Relational_1" id="933B4483-CA39-6377-448C-F2029B628776" mainViewID="0BC5F85D-4A0C-F86B-97D6-CE494745AC68">
<createdBy>Dxtro</createdBy>
<createdTime>2025-10-12 21:56:41 UTC</createdTime>
<ownerDesignName>CristaleriaAndina</ownerDesignName>
<shouldBeOpen>false</shouldBeOpen>
<selectedRDBMSSite>01F6E6D1-21D0-CFBD-ABDD-3988D1813575</selectedRDBMSSite>
<importDDLFileStamps>
<importDDLFileStamp class="oracle.dbtools.crest.imports.DDLFileStamp">
<fileName>CristaleriaAndina_S9.sql</fileName>
<pathName>C:\Users\full_\OneDrive\Desktop</pathName>
<dbType>17</dbType>
</importDDLFileStamp>
</importDDLFileStamps>
</relationalModel>