<?xml version = '1.0' encoding = 'UTF-8'?>
<Table class="oracle.dbtools.crest.model.design.relational.Table" directorySegmentName="seg_0" id="0EDF39FF-6C32-9A42-24E2-10E76434BB12" name="VUELO">
<createdBy>Dxtro</createdBy>
<createdTime>2025-08-19 01:54:18 UTC</createdTime>
<generatorID>B6CA7E20-5AAC-DCE5-4B10-7B28BD8A7E05</generatorID>
<ownerDesignName>Modelo_Avion</ownerDesignName>
<allowColumnReorder>false</allowColumnReorder>
<existDependencyGenerateInDDl>true</existDependencyGenerateInDDl>
<parsed>true</parsed>
<columns itemClass="oracle.dbtools.crest.model.design.relational.Column">
<Column name="id_numero_vuelo" id="626CEC36-3F09-F639-9532-9CE188645903">
<createdBy>Dxtro</createdBy>
<createdTime>2025-08-19 01:54:18 UTC</createdTime>
<generatorID>F5C44434-13AE-8A34-4998-DAB32A32F512</generatorID>
<ownerDesignName>Modelo_Avion</ownerDesignName>
<useDomainConstraints>false</useDomainConstraints>
<use>1</use>
<logicalDatatype>LOGDT024</logicalDatatype>
<dataTypeSize>10</dataTypeSize>
<ownDataTypeParameters>10,,</ownDataTypeParameters>
<autoIncrementCycle>false</autoIncrementCycle>
</Column>
<Column name="fecha_despegue" id="CDCBBC0D-B33A-6F9D-D80D-07717303644E">
<createdBy>Dxtro</createdBy>
<createdTime>2025-08-19 01:54:18 UTC</createdTime>
<generatorID>6000F5E2-B1F1-EA79-EAE5-1D899856F547</generatorID>
<ownerDesignName>Modelo_Avion</ownerDesignName>
<useDomainConstraints>false</useDomainConstraints>
<use>1</use>
<logicalDatatype>LOGDT007</logicalDatatype>
<ownDataTypeParameters>,,</ownDataTypeParameters>
<autoIncrementCycle>false</autoIncrementCycle>
</Column>
<Column name="fecha_llegada" id="D2F0B931-8424-F103-E10B-4289702D40B1">
<createdBy>Dxtro</createdBy>
<createdTime>2025-08-19 01:54:18 UTC</createdTime>
<generatorID>6D368DB2-1288-06C9-4DA9-0F2AC96DB479</generatorID>
<ownerDesignName>Modelo_Avion</ownerDesignName>
<useDomainConstraints>false</useDomainConstraints>
<use>1</use>
<logicalDatatype>LOGDT007</logicalDatatype>
<ownDataTypeParameters>,,</ownDataTypeParameters>
<autoIncrementCycle>false</autoIncrementCycle>
</Column>
<Column name="hora_salida" id="E2F044AF-C1D3-7068-FAE6-7ABF97AB33B8">
<createdBy>Dxtro</createdBy>
<createdTime>2025-08-19 01:54:18 UTC</createdTime>
<generatorID>3A714CDC-11F8-2295-AAE9-BC892560C98B</generatorID>
<ownerDesignName>Modelo_Avion</ownerDesignName>
<useDomainConstraints>false</useDomainConstraints>
<use>1</use>
<logicalDatatype>LOGDT025</logicalDatatype>
<dataTypeSize>5</dataTypeSize>
<ownDataTypeParameters>5,,</ownDataTypeParameters>
<autoIncrementCycle>false</autoIncrementCycle>
</Column>
</columns>
<indexes itemClass="oracle.dbtools.crest.model.design.relational.Index">
<ind_PK_UK id="AB008437-B2EE-372A-DF9A-95B6E36C6BDD" name="VUELO_PK">
<createdBy>Dxtro</createdBy>
<createdTime>2025-08-19 01:54:18 UTC</createdTime>
<generatorID>EF0B1B83-E090-21AD-B72F-F7F48878A197</generatorID>
<ownerDesignName>Modelo_Avion</ownerDesignName>
<pk>true</pk>
<indexState>Primary Constraint</indexState>
<isSurrogateKey>false</isSurrogateKey>
<indexColumnUsage>
<colUsage columnID="626CEC36-3F09-F639-9532-9CE188645903"/>
</indexColumnUsage>
</ind_PK_UK>
</indexes>
</Table>