<?xml version = '1.0' encoding = 'UTF-8'?>
<Table class="oracle.dbtools.crest.model.design.relational.Table" directorySegmentName="seg_0" id="8AB55945-AF1B-2CEB-CE05-6BAC48EB3264" name="RESERVA">
<createdBy>Dxtro</createdBy>
<createdTime>2025-08-19 01:54:18 UTC</createdTime>
<generatorID>EE9D444F-AE0F-7618-73F1-256D059C56F6</generatorID>
<ownerDesignName>Modelo_Avion</ownerDesignName>
<allowColumnReorder>false</allowColumnReorder>
<existDependencyGenerateInDDl>true</existDependencyGenerateInDDl>
<parsed>true</parsed>
<columns itemClass="oracle.dbtools.crest.model.design.relational.Column">
<Column name="id_numero_reserva" id="21BEAB77-8525-5FF4-ADE5-12EE05A42D78">
<createdBy>Dxtro</createdBy>
<createdTime>2025-08-19 01:54:18 UTC</createdTime>
<generatorID>79AD8C43-1438-A003-8819-54FE63FF4D9C</generatorID>
<ownerDesignName>Modelo_Avion</ownerDesignName>
<useDomainConstraints>false</useDomainConstraints>
<use>1</use>
<logicalDatatype>LOGDT024</logicalDatatype>
<dataTypeSize>12</dataTypeSize>
<ownDataTypeParameters>12,,</ownDataTypeParameters>
<autoIncrementCycle>false</autoIncrementCycle>
</Column>
<Column name="fecha_reserva" id="99D0A6B1-2B82-6EB2-C006-993168F951EF">
<createdBy>Dxtro</createdBy>
<createdTime>2025-08-19 01:54:18 UTC</createdTime>
<generatorID>06A8391F-9BF4-8ACF-2B45-09ABC1AF7784</generatorID>
<ownerDesignName>Modelo_Avion</ownerDesignName>
<useDomainConstraints>false</useDomainConstraints>
<use>1</use>
<logicalDatatype>LOGDT007</logicalDatatype>
<ownDataTypeParameters>,,</ownDataTypeParameters>
<autoIncrementCycle>false</autoIncrementCycle>
</Column>
<Column name="fecha_viaje" id="E1DD9AD3-16D3-ABB2-A0EB-373195B49185">
<createdBy>Dxtro</createdBy>
<createdTime>2025-08-19 01:54:18 UTC</createdTime>
<generatorID>ED0CD804-6BF6-E1DB-5FD5-1080B21110A3</generatorID>
<ownerDesignName>Modelo_Avion</ownerDesignName>
<useDomainConstraints>false</useDomainConstraints>
<use>1</use>
<logicalDatatype>LOGDT007</logicalDatatype>
<ownDataTypeParameters>,,</ownDataTypeParameters>
<autoIncrementCycle>false</autoIncrementCycle>
</Column>
<Column name="estado" id="66E52A08-64B7-4EA5-7B79-B4E386EFDEC4">
<createdBy>Dxtro</createdBy>
<createdTime>2025-08-19 01:54:18 UTC</createdTime>
<generatorID>B826ECF7-EB23-2551-0D24-58C986C71FCE</generatorID>
<ownerDesignName>Modelo_Avion</ownerDesignName>
<useDomainConstraints>false</useDomainConstraints>
<use>1</use>
<logicalDatatype>LOGDT024</logicalDatatype>
<dataTypeSize>12</dataTypeSize>
<ownDataTypeParameters>12,,</ownDataTypeParameters>
<autoIncrementCycle>false</autoIncrementCycle>
</Column>
<Column name="PASAJERO_id_documento" id="49FC5EC6-FB5F-8807-1007-9386409491BE">
<createdBy>Dxtro</createdBy>
<createdTime>2025-08-19 01:54:18 UTC</createdTime>
<generatorID>E4F75555-8673-A320-487E-E1B61007924E</generatorID>
<ownerDesignName>Modelo_Avion</ownerDesignName>
<useDomainConstraints>false</useDomainConstraints>
<use>1</use>
<logicalDatatype>LOGDT024</logicalDatatype>
<dataTypeSize>20</dataTypeSize>
<ownDataTypeParameters>,,</ownDataTypeParameters>
<previousColumn>false</previousColumn>
<autoIncrementCycle>false</autoIncrementCycle>
<associations>
<colAssociation fkAssociation="7FF770F0-FB0F-97BF-B725-A9AEE23DE866" referredColumn="EF5E8482-EB85-BCAE-CE50-876D91E60BAD"/>
</associations>
</Column>
<Column name="EMPLEADO_id_rut" id="21072FF9-5E5D-96AB-C24D-66A2C08D2E96">
<createdBy>Dxtro</createdBy>
<createdTime>2025-08-19 01:54:18 UTC</createdTime>
<generatorID>35AC8499-288C-346D-5E32-AAA70BC2A873</generatorID>
<ownerDesignName>Modelo_Avion</ownerDesignName>
<useDomainConstraints>false</useDomainConstraints>
<use>1</use>
<logicalDatatype>LOGDT024</logicalDatatype>
<dataTypeSize>12</dataTypeSize>
<ownDataTypeParameters>,,</ownDataTypeParameters>
<previousColumn>false</previousColumn>
<autoIncrementCycle>false</autoIncrementCycle>
<associations>
<colAssociation fkAssociation="4903D5F0-0ED3-89D2-E1E9-98F356D6E56E" referredColumn="04B5A22F-8522-A469-3180-F1CDEE6C7A92"/>
</associations>
</Column>
<Column name="VUELO_id_numero_vuelo" id="6806B092-62AF-26F0-C682-47EDE0883739">
<createdBy>Dxtro</createdBy>
<createdTime>2025-08-19 01:54:18 UTC</createdTime>
<generatorID>CE2CC52C-C32B-B5A9-88C1-AB104B03EF9B</generatorID>
<ownerDesignName>Modelo_Avion</ownerDesignName>
<useDomainConstraints>false</useDomainConstraints>
<use>1</use>
<logicalDatatype>LOGDT024</logicalDatatype>
<dataTypeSize>10</dataTypeSize>
<ownDataTypeParameters>,,</ownDataTypeParameters>
<previousColumn>false</previousColumn>
<autoIncrementCycle>false</autoIncrementCycle>
<associations>
<colAssociation fkAssociation="9F4D0D76-6646-A730-D03F-6D8E7EC9AE09" referredColumn="626CEC36-3F09-F639-9532-9CE188645903"/>
</associations>
</Column>
</columns>
<indexes itemClass="oracle.dbtools.crest.model.design.relational.Index">
<ind_PK_UK id="2855E516-9755-5162-5149-0C4A8EB4D8FF" name="RESERVA_PK">
<createdBy>Dxtro</createdBy>
<createdTime>2025-08-19 01:54:18 UTC</createdTime>
<generatorID>8CD3AC96-05C4-8397-B68F-09CFA1389FEE</generatorID>
<ownerDesignName>Modelo_Avion</ownerDesignName>
<pk>true</pk>
<indexState>Primary Constraint</indexState>
<isSurrogateKey>false</isSurrogateKey>
<indexColumnUsage>
<colUsage columnID="21BEAB77-8525-5FF4-ADE5-12EE05A42D78"/>
</indexColumnUsage>
</ind_PK_UK>
<ind_PK_UK id="321AD2E0-C923-1D7A-28B3-6DA83938AE83" name="RESERVA_EMPLEADO_FK">
<createdBy>Dxtro</createdBy>
<createdTime>2025-08-19 01:54:18 UTC</createdTime>
<generatorID>0D74B1BD-3C8E-322D-C9FC-32C55CD63484</generatorID>
<ownerDesignName>Modelo_Avion</ownerDesignName>
<indexState>Foreign Key</indexState>
<isSurrogateKey>false</isSurrogateKey>
<indexColumnUsage>
<colUsage columnID="21072FF9-5E5D-96AB-C24D-66A2C08D2E96"/>
</indexColumnUsage>
</ind_PK_UK>
<ind_PK_UK id="2738ED79-ADAF-FB69-8EB9-CC34A01383E7" name="RESERVA_PASAJERO_FK">
<createdBy>Dxtro</createdBy>
<createdTime>2025-08-19 01:54:18 UTC</createdTime>
<generatorID>B7AF36B0-E09B-A1A6-0438-5D2EC71DC95F</generatorID>
<ownerDesignName>Modelo_Avion</ownerDesignName>
<indexState>Foreign Key</indexState>
<isSurrogateKey>false</isSurrogateKey>
<indexColumnUsage>
<colUsage columnID="49FC5EC6-FB5F-8807-1007-9386409491BE"/>
</indexColumnUsage>
</ind_PK_UK>
<ind_PK_UK id="6AC98D4B-1BE2-850C-7127-3C16DF534C03" name="RESERVA_VUELO_FK">
<createdBy>Dxtro</createdBy>
<createdTime>2025-08-19 01:54:18 UTC</createdTime>
<generatorID>E6546D89-1D81-B9A4-4AA0-C27141BA89B0</generatorID>
<ownerDesignName>Modelo_Avion</ownerDesignName>
<indexState>Foreign Key</indexState>
<isSurrogateKey>false</isSurrogateKey>
<indexColumnUsage>
<colUsage columnID="6806B092-62AF-26F0-C682-47EDE0883739"/>
</indexColumnUsage>
</ind_PK_UK>
</indexes>
</Table>