<?xml version = '1.0' encoding = 'UTF-8'?>
<Table class="oracle.dbtools.crest.model.design.relational.Table" directorySegmentName="seg_0" id="9673FB1A-AD97-FD9E-1E79-55BFD5B4E620" name="PASAJERO">
<createdBy>Dxtro</createdBy>
<createdTime>2025-08-19 01:54:18 UTC</createdTime>
<generatorID>92918D15-883E-313E-806B-53224D09EFEC</generatorID>
<ownerDesignName>Modelo_Avion</ownerDesignName>
<allowColumnReorder>false</allowColumnReorder>
<existDependencyGenerateInDDl>true</existDependencyGenerateInDDl>
<parsed>true</parsed>
<columns itemClass="oracle.dbtools.crest.model.design.relational.Column">
<Column name="id_documento" id="EF5E8482-EB85-BCAE-CE50-876D91E60BAD">
<createdBy>Dxtro</createdBy>
<createdTime>2025-08-19 01:54:18 UTC</createdTime>
<generatorID>4CC12591-20ED-3E95-431D-1EC4D85F3F4B</generatorID>
<ownerDesignName>Modelo_Avion</ownerDesignName>
<useDomainConstraints>false</useDomainConstraints>
<use>1</use>
<logicalDatatype>LOGDT024</logicalDatatype>
<dataTypeSize>20</dataTypeSize>
<ownDataTypeParameters>20,,</ownDataTypeParameters>
<autoIncrementCycle>false</autoIncrementCycle>
</Column>
<Column name="tipo_documento" id="6C08611F-DED8-6EEB-0C00-117CC417E99D">
<createdBy>Dxtro</createdBy>
<createdTime>2025-08-19 01:54:18 UTC</createdTime>
<generatorID>7096F68A-1B0B-344A-50D6-7BE78953E7DE</generatorID>
<ownerDesignName>Modelo_Avion</ownerDesignName>
<useDomainConstraints>false</useDomainConstraints>
<use>1</use>
<logicalDatatype>LOGDT024</logicalDatatype>
<dataTypeSize>12</dataTypeSize>
<ownDataTypeParameters>12,,</ownDataTypeParameters>
<autoIncrementCycle>false</autoIncrementCycle>
</Column>
<Column name="nombre_completo" id="61F9D8CF-E659-9948-0802-46AED56CD5B9">
<createdBy>Dxtro</createdBy>
<createdTime>2025-08-19 01:54:18 UTC</createdTime>
<generatorID>45992F8F-2C49-A871-EE86-83E8334D97C3</generatorID>
<ownerDesignName>Modelo_Avion</ownerDesignName>
<useDomainConstraints>false</useDomainConstraints>
<use>1</use>
<logicalDatatype>LOGDT024</logicalDatatype>
<dataTypeSize>100</dataTypeSize>
<ownDataTypeParameters>100,,</ownDataTypeParameters>
<autoIncrementCycle>false</autoIncrementCycle>
</Column>
<Column name="nacionalidad" id="744620A0-4B6F-D2D4-9EA4-D5F91D3A2AD2">
<createdBy>Dxtro</createdBy>
<createdTime>2025-08-19 01:54:18 UTC</createdTime>
<generatorID>800B5D6D-49C6-873D-B964-46900DCE10D2</generatorID>
<ownerDesignName>Modelo_Avion</ownerDesignName>
<useDomainConstraints>false</useDomainConstraints>
<use>1</use>
<logicalDatatype>LOGDT007</logicalDatatype>
<ownDataTypeParameters>,,</ownDataTypeParameters>
<autoIncrementCycle>false</autoIncrementCycle>
</Column>
<Column name="fecha_nacimiento" id="39459DE7-A32B-86B0-1E19-CBFA5C5975A4">
<createdBy>Dxtro</createdBy>
<createdTime>2025-08-19 01:54:18 UTC</createdTime>
<generatorID>050FA456-D62E-A222-A7CF-609E1A1C9E80</generatorID>
<ownerDesignName>Modelo_Avion</ownerDesignName>
<useDomainConstraints>false</useDomainConstraints>
<use>1</use>
<logicalDatatype>LOGDT007</logicalDatatype>
<ownDataTypeParameters>,,</ownDataTypeParameters>
<autoIncrementCycle>false</autoIncrementCycle>
</Column>
<Column name="telefono_contacto" id="761B1443-BD57-1B1D-9EDF-ACBD29D36934">
<createdBy>Dxtro</createdBy>
<createdTime>2025-08-19 01:54:18 UTC</createdTime>
<generatorID>19F33597-4020-3713-9DF7-6268E0BA310B</generatorID>
<ownerDesignName>Modelo_Avion</ownerDesignName>
<useDomainConstraints>false</useDomainConstraints>
<use>1</use>
<logicalDatatype>LOGDT024</logicalDatatype>
<dataTypeSize>20</dataTypeSize>
<ownDataTypeParameters>20,,</ownDataTypeParameters>
<autoIncrementCycle>false</autoIncrementCycle>
</Column>
<Column name="email" id="5162703F-865C-28C7-CDF2-930794103EBB">
<createdBy>Dxtro</createdBy>
<createdTime>2025-08-19 01:54:18 UTC</createdTime>
<generatorID>33334CF3-4C2D-885B-AF88-9C07192BBA7A</generatorID>
<ownerDesignName>Modelo_Avion</ownerDesignName>
<nullsAllowed>true</nullsAllowed>
<useDomainConstraints>false</useDomainConstraints>
<use>1</use>
<logicalDatatype>LOGDT024</logicalDatatype>
<dataTypeSize>100</dataTypeSize>
<ownDataTypeParameters>100,,</ownDataTypeParameters>
<autoIncrementCycle>false</autoIncrementCycle>
</Column>
</columns>
<indexes itemClass="oracle.dbtools.crest.model.design.relational.Index">
<ind_PK_UK id="CE8A0726-1BF0-D7C1-6515-A152E158DFAD" name="PASAJERO_PK">
<createdBy>Dxtro</createdBy>
<createdTime>2025-08-19 01:54:18 UTC</createdTime>
<generatorID>88927BA0-5E2A-1872-0D73-6168E76C8A35</generatorID>
<ownerDesignName>Modelo_Avion</ownerDesignName>
<pk>true</pk>
<indexState>Primary Constraint</indexState>
<isSurrogateKey>false</isSurrogateKey>
<indexColumnUsage>
<colUsage columnID="EF5E8482-EB85-BCAE-CE50-876D91E60BAD"/>
</indexColumnUsage>
</ind_PK_UK>
</indexes>
</Table>