<?xml version = '1.0' encoding = 'UTF-8'?>
<Diagram class="oracle.dbtools.crest.swingui.logical.DPVLogical" name="Logical" id="1CD8B403-3AC9-D23E-EAD1-B32EDD43FF8F">
<createdBy>Dxtro</createdBy>
<modifiedBy>Dxtro</modifiedBy>
<createdTime>2025-09-15 23:18:27 UTC</createdTime>
<autoRoute>false</autoRoute>
<boxInbox>false</boxInbox>
<showLegend>false</showLegend>
<showLabels>false</showLabels>
<showRelAttributes>false</showRelAttributes>
<gridEnabled>false</gridEnabled>
<showGrid>false</showGrid>
<diagramColor>-1</diagramColor>
<display>false</display>
<notation>1</notation>
<objectViews>
<OView class="oracle.dbtools.crest.swingui.logical.TVEntity" oid="06A7FF10-2A7B-DFCA-F37F-CD5C91B4FCCD" otype="Entity" vid="11DF43B5-386E-116E-2BC4-C876EEA474A3">
<hideElementsInCurrentOnly>false</hideElementsInCurrentOnly>
<bounds x="339" y="906" width="170" height="110"/>
</OView>
<OView class="oracle.dbtools.crest.swingui.logical.TVEntity" oid="1EFD8B92-6254-47DE-4F51-A5A90D9EA3CC" otype="Entity" vid="7FB36CFC-7CCA-0D98-2F47-0A77C690E455">
<hideElementsInCurrentOnly>false</hideElementsInCurrentOnly>
<bounds x="718" y="71" width="170" height="110"/>
</OView>
<OView class="oracle.dbtools.crest.swingui.logical.TVEntity" oid="205B6AAC-3B59-49C5-A8DE-C3D55DC47CB8" otype="Entity" vid="F5CD7A52-9670-F57C-C31E-6491CAD75962">
<hideElementsInCurrentOnly>false</hideElementsInCurrentOnly>
<bounds x="582" y="386" width="280" height="188"/>
</OView>
<OView class="oracle.dbtools.crest.swingui.logical.TVEntity" oid="35B205D6-E00A-494C-37C2-5E2EBBAE23AA" otype="Entity" vid="A9D2736F-D364-FABC-A5A1-0201CE2DD634">
<hideElementsInCurrentOnly>false</hideElementsInCurrentOnly>
<bounds x="33" y="540" width="170" height="110"/>
</OView>
<OView class="oracle.dbtools.crest.swingui.logical.TVEntity" oid="3CFFD6E7-3FB5-7FD5-3B8B-D5FFFA1C72C4" otype="Entity" vid="22DE8760-E692-FE77-B7FA-9BDC489385C3">
<hideElementsInCurrentOnly>false</hideElementsInCurrentOnly>
<bounds x="275" y="544" width="170" height="110"/>
</OView>
<OView class="oracle.dbtools.crest.swingui.logical.TVEntity" oid="4CE80972-A780-9B75-40C5-2FD0F2ED7C47" otype="Entity" vid="33A595A0-672E-4CD1-3607-7E176BC89946">
<hideElementsInCurrentOnly>false</hideElementsInCurrentOnly>
<bounds x="507" y="68" width="170" height="110"/>
</OView>
<OView class="oracle.dbtools.crest.swingui.logical.TVEntity" oid="524360CA-61C5-C76E-CB04-F065360AA0ED" otype="Entity" vid="26C30595-0143-BE55-307C-D4C402F0645D">
<hideElementsInCurrentOnly>false</hideElementsInCurrentOnly>
<bounds x="23" y="80" width="176" height="115"/>
</OView>
<OView class="oracle.dbtools.crest.swingui.logical.TVEntity" oid="555C36C3-1585-ED9C-43E4-4194AE5888D4" otype="Entity" vid="48231250-EF13-AF89-0D80-199DB9090CFF">
<hideElementsInCurrentOnly>false</hideElementsInCurrentOnly>
<bounds x="34" y="695" width="195" height="133"/>
</OView>
<OView class="oracle.dbtools.crest.swingui.logical.TVEntity" oid="9E9F748E-BB62-4267-8A1B-DD2FCE116AF0" otype="Entity" vid="04C37041-336B-E842-1027-E9AC228E0643">
<hideElementsInCurrentOnly>false</hideElementsInCurrentOnly>
<bounds x="65" y="918" width="170" height="110"/>
</OView>
<OView class="oracle.dbtools.crest.swingui.logical.TVEntity" oid="ADDF418B-3E09-9292-C06A-0220E7850DC3" otype="Entity" vid="3D5FCAF8-BB52-7817-D129-F7A59CF39794">
<hideElementsInCurrentOnly>false</hideElementsInCurrentOnly>
<bounds x="671" y="798" width="170" height="110"/>
</OView>
<OView class="oracle.dbtools.crest.swingui.logical.TVEntity" oid="C62378CD-1784-5B57-46CF-21A28503B229" otype="Entity" vid="CD20D4E0-8067-4936-858A-6C1BDAB21081">
<hideElementsInCurrentOnly>false</hideElementsInCurrentOnly>
<bounds x="280" y="292" width="202" height="148"/>
</OView>
<OView class="oracle.dbtools.crest.swingui.logical.TVEntity" oid="DED5E589-09EC-36D5-AA43-891F17C17E3C" otype="Entity" vid="6DF51799-DBD9-0389-E4E2-4DF501C00D47">
<hideElementsInCurrentOnly>false</hideElementsInCurrentOnly>
<bounds x="33" y="300" width="170" height="166"/>
</OView>
<OView class="oracle.dbtools.crest.swingui.logical.TVEntity" oid="EA3337BD-A66C-5ED1-9480-20576D45A636" otype="Entity" vid="40363B8F-2882-C2F4-2350-B224B8089E40">
<hideElementsInCurrentOnly>false</hideElementsInCurrentOnly>
<bounds x="282" y="83" width="173" height="117"/>
</OView>
</objectViews>
<connectors>
<Connector class="oracle.dbtools.crest.swingui.logical.TVRelation" oid="3809DAD4-A9E9-6A63-FCCF-76CAB6F8844F" otype="Relation" vid_source="A9D2736F-D364-FABC-A5A1-0201CE2DD634" vid_target="22DE8760-E692-FE77-B7FA-9BDC489385C3">
<hideElementsInCurrentOnly>false</hideElementsInCurrentOnly>
<backgroundColor>-16777216</backgroundColor>
<lineWidth>1</lineWidth>
<points>
<point x="203" y="597"/>
<point x="275" y="597"/>
</points>
</Connector>
<Connector class="oracle.dbtools.crest.swingui.logical.TVRelation" oid="3B3E1BD5-F1B7-911B-620E-31CD0CF2553C" otype="Relation" vid_source="A9D2736F-D364-FABC-A5A1-0201CE2DD634" vid_target="48231250-EF13-AF89-0D80-199DB9090CFF">
<hideElementsInCurrentOnly>false</hideElementsInCurrentOnly>
<backgroundColor>-16777216</backgroundColor>
<lineWidth>1</lineWidth>
<points>
<point x="118" y="650"/>
<point x="118" y="695"/>
</points>
</Connector>
<Connector class="oracle.dbtools.crest.swingui.logical.TVRelation" oid="5D12A1DA-7E34-DF25-26C5-0B1E301485A9" otype="Relation" vid_source="CD20D4E0-8067-4936-858A-6C1BDAB21081" vid_target="F5CD7A52-9670-F57C-C31E-6491CAD75962">
<hideElementsInCurrentOnly>false</hideElementsInCurrentOnly>
<backgroundColor>-16777216</backgroundColor>
<lineWidth>1</lineWidth>
<points>
<point x="482" y="413"/>
<point x="582" y="413"/>
</points>
</Connector>
<Connector class="oracle.dbtools.crest.swingui.logical.TVRelation" oid="62B24658-0AD2-C53F-43CD-0A39E256E7A8" otype="Relation" vid_source="04C37041-336B-E842-1027-E9AC228E0643" vid_target="11DF43B5-386E-116E-2BC4-C876EEA474A3">
<hideElementsInCurrentOnly>false</hideElementsInCurrentOnly>
<backgroundColor>-16777216</backgroundColor>
<lineWidth>1</lineWidth>
<points>
<point x="235" y="967"/>
<point x="339" y="967"/>
</points>
</Connector>
<Connector class="oracle.dbtools.crest.swingui.logical.TVRelation" oid="6CC0CF5D-64CB-517B-1831-C525042AA4CF" otype="Relation" vid_source="6DF51799-DBD9-0389-E4E2-4DF501C00D47" vid_target="A9D2736F-D364-FABC-A5A1-0201CE2DD634">
<hideElementsInCurrentOnly>false</hideElementsInCurrentOnly>
<backgroundColor>-16777216</backgroundColor>
<lineWidth>1</lineWidth>
<points>
<point x="118" y="466"/>
<point x="118" y="540"/>
</points>
</Connector>
<Connector class="oracle.dbtools.crest.swingui.logical.TVRelation" oid="6CEB02EC-815F-267A-5684-DDE87FAAED02" otype="Relation" vid_source="33A595A0-672E-4CD1-3607-7E176BC89946" vid_target="F5CD7A52-9670-F57C-C31E-6491CAD75962">
<hideElementsInCurrentOnly>false</hideElementsInCurrentOnly>
<backgroundColor>-16777216</backgroundColor>
<lineWidth>1</lineWidth>
<points>
<point x="629" y="178"/>
<point x="629" y="386"/>
</points>
</Connector>
<Connector class="oracle.dbtools.crest.swingui.logical.TVRelation" oid="72001D02-6123-94D3-EB05-C5F42962CC10" otype="Relation" vid_source="48231250-EF13-AF89-0D80-199DB9090CFF" vid_target="04C37041-336B-E842-1027-E9AC228E0643">
<hideElementsInCurrentOnly>false</hideElementsInCurrentOnly>
<backgroundColor>-16777216</backgroundColor>
<lineWidth>1</lineWidth>
<points>
<point x="147" y="828"/>
<point x="147" y="918"/>
</points>
</Connector>
<Connector class="oracle.dbtools.crest.swingui.logical.TVRelation" oid="75444279-8D5A-0B17-9285-2AFD81A0F8C6" otype="Relation" vid_source="3D5FCAF8-BB52-7817-D129-F7A59CF39794" vid_target="F5CD7A52-9670-F57C-C31E-6491CAD75962">
<hideElementsInCurrentOnly>false</hideElementsInCurrentOnly>
<backgroundColor>-16777216</backgroundColor>
<lineWidth>1</lineWidth>
<points>
<point x="756" y="798"/>
<point x="756" y="574"/>
</points>
</Connector>
<Connector class="oracle.dbtools.crest.swingui.logical.TVRelation" oid="75C4F4F0-B67A-F0CE-07B2-13A40E22FD78" otype="Relation" vid_source="40363B8F-2882-C2F4-2350-B224B8089E40" vid_target="6DF51799-DBD9-0389-E4E2-4DF501C00D47">
<hideElementsInCurrentOnly>false</hideElementsInCurrentOnly>
<backgroundColor>-16777216</backgroundColor>
<lineWidth>1</lineWidth>
<points>
<point x="307" y="200"/>
<point x="203" y="301"/>
</points>
</Connector>
<Connector class="oracle.dbtools.crest.swingui.logical.TVRelation" oid="C762390A-3A88-651F-EB63-22F458F36B8A" otype="Relation" vid_source="26C30595-0143-BE55-307C-D4C402F0645D" vid_target="40363B8F-2882-C2F4-2350-B224B8089E40">
<hideElementsInCurrentOnly>false</hideElementsInCurrentOnly>
<backgroundColor>-16777216</backgroundColor>
<lineWidth>1</lineWidth>
<points>
<point x="199" y="139"/>
<point x="282" y="139"/>
</points>
</Connector>
<Connector class="oracle.dbtools.crest.swingui.logical.TVRelation" oid="F2044B63-2875-87BC-2E9C-CEC845AC8407" otype="Relation" vid_source="7FB36CFC-7CCA-0D98-2F47-0A77C690E455" vid_target="F5CD7A52-9670-F57C-C31E-6491CAD75962">
<hideElementsInCurrentOnly>false</hideElementsInCurrentOnly>
<backgroundColor>-16777216</backgroundColor>
<lineWidth>1</lineWidth>
<points>
<point x="790" y="181"/>
<point x="790" y="386"/>
</points>
</Connector>
</connectors>
</Diagram>