<?xml version = '1.0' encoding = 'UTF-8'?>
<Diagram class="oracle.dbtools.crest.swingui.logical.DPVLogical" name="Logical" id="13ADA1B9-F0AA-6533-8201-AC99980FA269">
<createdBy>Dxtro</createdBy>
<modifiedBy>Dxtro</modifiedBy>
<createdTime>2025-08-19 00:40:53 UTC</createdTime>
<autoRoute>false</autoRoute>
<boxInbox>true</boxInbox>
<showLegend>false</showLegend>
<showLabels>false</showLabels>
<showRelAttributes>false</showRelAttributes>
<gridEnabled>false</gridEnabled>
<showGrid>false</showGrid>
<diagramColor>-1</diagramColor>
<display>false</display>
<notation>1</notation>
<showComments>true</showComments>
<showClassificationTypes>true</showClassificationTypes>
<objectViews>
<OView class="oracle.dbtools.crest.swingui.logical.TVEntity" oid="92918D15-883E-313E-806B-53224D09EFEC" otype="Entity" vid="B224B5FC-2331-5FCC-D850-69D4CB5D33A2">
<hideElementsInCurrentOnly>false</hideElementsInCurrentOnly>
<bounds x="68" y="218" width="170" height="143"/>
</OView>
<OView class="oracle.dbtools.crest.swingui.logical.TVEntity" oid="B6CA7E20-5AAC-DCE5-4B10-7B28BD8A7E05" otype="Entity" vid="D323E6BF-9989-5951-5E72-A73E4DE029D1">
<hideElementsInCurrentOnly>false</hideElementsInCurrentOnly>
<bounds x="63" y="582" width="170" height="113"/>
</OView>
<OView class="oracle.dbtools.crest.swingui.logical.TVEntity" oid="CCB7CB55-6F10-A2CD-5C45-87B41231AEB5" otype="Entity" vid="FF8936D5-A8BF-2AB6-237A-23133EBC0D54">
<hideElementsInCurrentOnly>false</hideElementsInCurrentOnly>
<bounds x="68" y="393" width="170" height="148"/>
</OView>
<OView class="oracle.dbtools.crest.swingui.logical.TVEntity" oid="EE9D444F-AE0F-7618-73F1-256D059C56F6" otype="Entity" vid="257F047C-D3CE-6C31-1C21-9339BA1665E6">
<hideElementsInCurrentOnly>false</hideElementsInCurrentOnly>
<bounds x="389" y="383" width="203" height="100"/>
</OView>
</objectViews>
<connectors>
<Connector class="oracle.dbtools.crest.swingui.logical.TVRelation" oid="0D74B1BD-3C8E-322D-C9FC-32C55CD63484" otype="Relation" vid_source="FF8936D5-A8BF-2AB6-237A-23133EBC0D54" vid_target="257F047C-D3CE-6C31-1C21-9339BA1665E6">
<hideElementsInCurrentOnly>false</hideElementsInCurrentOnly>
<backgroundColor>-16777216</backgroundColor>
<lineWidth>1</lineWidth>
<points>
<point x="238" y="438"/>
<point x="389" y="438"/>
</points>
</Connector>
<Connector class="oracle.dbtools.crest.swingui.logical.TVRelation" oid="B7AF36B0-E09B-A1A6-0438-5D2EC71DC95F" otype="Relation" vid_source="B224B5FC-2331-5FCC-D850-69D4CB5D33A2" vid_target="257F047C-D3CE-6C31-1C21-9339BA1665E6">
<hideElementsInCurrentOnly>false</hideElementsInCurrentOnly>
<backgroundColor>-16777216</backgroundColor>
<lineWidth>1</lineWidth>
<points>
<point x="238" y="325"/>
<point x="389" y="403"/>
</points>
</Connector>
<Connector class="oracle.dbtools.crest.swingui.logical.TVRelation" oid="E6546D89-1D81-B9A4-4AA0-C27141BA89B0" otype="Relation" vid_source="D323E6BF-9989-5951-5E72-A73E4DE029D1" vid_target="257F047C-D3CE-6C31-1C21-9339BA1665E6">
<hideElementsInCurrentOnly>false</hideElementsInCurrentOnly>
<backgroundColor>-16777216</backgroundColor>
<lineWidth>1</lineWidth>
<points>
<point x="233" y="587"/>
<point x="389" y="477"/>
</points>
</Connector>
</connectors>
</Diagram>