<?xml version = '1.0' encoding = 'UTF-8'?>
<Entity class="oracle.dbtools.crest.model.design.logical.Entity" directorySegmentName="seg_0" id="06A7FF10-2A7B-DFCA-F37F-CD5C91B4FCCD" name="RESULTADO_EXAMEN">
<createdBy>Dxtro</createdBy>
<createdTime>2025-09-15 23:35:51 UTC</createdTime>
<ownerDesignName>Clinica_Diego_Ignacio_grupo22</ownerDesignName>
<engineerTo>
<item key="DD950E23-0099-9496-CB8B-38FAC8E873FC" value="true"/>
</engineerTo>
<adequatelyNormalized>NO</adequatelyNormalized>
<expectedVolumes>0</expectedVolumes>
<fwdEngineeringStrategyName>Single Table</fwdEngineeringStrategyName>
<growthPercent>0</growthPercent>
<growthType>Year</growthType>
<maxVolumes>9999999</maxVolumes>
<minVolumes>0</minVolumes>
<normalForm>Third</normalForm>
<attributes itemClass="oracle.dbtools.crest.model.design.logical.Attribute">
<Attribute name="id_resultado" id="90A9E837-247C-ABC8-1AFD-FF031A937770">
<createdBy>Dxtro</createdBy>
<createdTime>2025-09-15 23:36:00 UTC</createdTime>
<ownerDesignName>Clinica_Diego_Ignacio_grupo22</ownerDesignName>
<engineerTo>
<item key="DD950E23-0099-9496-CB8B-38FAC8E873FC" value="true"/>
</engineerTo>
<use>0</use>
<ownDataTypeParameters>,,</ownDataTypeParameters>
</Attribute>
<Attribute name="fecha_resultado" id="E34DD4C7-0D6A-5044-831F-02291A6B2DAB">
<createdBy>Dxtro</createdBy>
<createdTime>2025-09-15 23:36:48 UTC</createdTime>
<ownerDesignName>Clinica_Diego_Ignacio_grupo22</ownerDesignName>
<engineerTo>
<item key="DD950E23-0099-9496-CB8B-38FAC8E873FC" value="true"/>
</engineerTo>
<useDomainConstraints>false</useDomainConstraints>
<use>1</use>
<logicalDatatype>LOGDT007</logicalDatatype>
<ownDataTypeParameters>,,</ownDataTypeParameters>
</Attribute>
<Attribute name="valor_resultado" id="85E4181B-5325-491B-A528-0C4C16321360">
<createdBy>Dxtro</createdBy>
<createdTime>2025-09-15 23:36:54 UTC</createdTime>
<ownerDesignName>Clinica_Diego_Ignacio_grupo22</ownerDesignName>
<engineerTo>
<item key="DD950E23-0099-9496-CB8B-38FAC8E873FC" value="true"/>
</engineerTo>
<useDomainConstraints>false</useDomainConstraints>
<use>1</use>
<logicalDatatype>LOGDT024</logicalDatatype>
<dataTypeSize>100</dataTypeSize>
<ownDataTypeParameters>100,,</ownDataTypeParameters>
</Attribute>
<Attribute name="comentario" id="3A1AAE0A-8AD6-1ACB-BE58-13CD08535962">
<createdBy>Dxtro</createdBy>
<createdTime>2025-09-15 23:37:16 UTC</createdTime>
<ownerDesignName>Clinica_Diego_Ignacio_grupo22</ownerDesignName>
<engineerTo>
<item key="DD950E23-0099-9496-CB8B-38FAC8E873FC" value="true"/>
</engineerTo>
<nullsAllowed>true</nullsAllowed>
<useDomainConstraints>false</useDomainConstraints>
<use>1</use>
<logicalDatatype>LOGDT024</logicalDatatype>
<dataTypeSize>200</dataTypeSize>
<ownDataTypeParameters>200,,</ownDataTypeParameters>
</Attribute>
<Attribute name="id_solicitud" id="0910F358-EBA2-9122-88DF-0BCD56F03AFD">
<createdBy>Dxtro</createdBy>
<createdTime>2025-09-15 23:45:38 UTC</createdTime>
<generatorID>62B24658-0AD2-C53F-43CD-0A39E256E7A8</generatorID>
<ownerDesignName>Clinica_Diego_Ignacio_grupo22</ownerDesignName>
<engineerTo>
<item key="DD950E23-0099-9496-CB8B-38FAC8E873FC" value="true"/>
</engineerTo>
<referedAttribute>DA75E312-5A5E-C951-B18F-C9F6405C9B99</referedAttribute>
<use>0</use>
<ownDataTypeParameters>,,</ownDataTypeParameters>
</Attribute>
</attributes>
<identifiers itemClass="oracle.dbtools.crest.model.design.logical.CandidateKey">
<identifier id="FA8064C9-4D67-5E1E-EEB9-7E275C0D8AEA" name="RESULTADO_EXAMEN PK">
<createdBy>Dxtro</createdBy>
<createdTime>2025-09-15 23:36:08 UTC</createdTime>
<ownerDesignName>Clinica_Diego_Ignacio_grupo22</ownerDesignName>
<engineerTo>
<item key="DD950E23-0099-9496-CB8B-38FAC8E873FC" value="true"/>
</engineerTo>
<pk>true</pk>
<usedAttributes>
<attributeRef>90A9E837-247C-ABC8-1AFD-FF031A937770</attributeRef>
</usedAttributes>
</identifier>
</identifiers>
</Entity>