<?xml version = '1.0' encoding = 'UTF-8'?>
<Entity class="oracle.dbtools.crest.model.design.logical.Entity" directorySegmentName="seg_0" id="205B6AAC-3B59-49C5-A8DE-C3D55DC47CB8" name="MEDICO">
<createdBy>Dxtro</createdBy>
<createdTime>2025-09-15 23:27:46 UTC</createdTime>
<ownerDesignName>Clinica_Diego_Ignacio_grupo22</ownerDesignName>
<engineerTo>
<item key="DD950E23-0099-9496-CB8B-38FAC8E873FC" value="true"/>
</engineerTo>
<adequatelyNormalized>NO</adequatelyNormalized>
<expectedVolumes>0</expectedVolumes>
<fwdEngineeringStrategyName>Single Table</fwdEngineeringStrategyName>
<growthPercent>0</growthPercent>
<growthType>Year</growthType>
<maxVolumes>9999999</maxVolumes>
<minVolumes>0</minVolumes>
<normalForm>Third</normalForm>
<attributes itemClass="oracle.dbtools.crest.model.design.logical.Attribute">
<Attribute name="id_medico" id="EA560C08-FA32-F68F-9251-0CEAABC4AAA5">
<createdBy>Dxtro</createdBy>
<createdTime>2025-09-15 23:27:55 UTC</createdTime>
<ownerDesignName>Clinica_Diego_Ignacio_grupo22</ownerDesignName>
<engineerTo>
<item key="DD950E23-0099-9496-CB8B-38FAC8E873FC" value="true"/>
</engineerTo>
<use>0</use>
<ownDataTypeParameters>,,</ownDataTypeParameters>
</Attribute>
<Attribute name="rut" id="99347858-6409-6F96-FA2E-17221B11A713">
<createdBy>Dxtro</createdBy>
<createdTime>2025-09-15 23:28:03 UTC</createdTime>
<ownerDesignName>Clinica_Diego_Ignacio_grupo22</ownerDesignName>
<engineerTo>
<item key="DD950E23-0099-9496-CB8B-38FAC8E873FC" value="true"/>
</engineerTo>
<useDomainConstraints>false</useDomainConstraints>
<use>1</use>
<logicalDatatype>LOGDT024</logicalDatatype>
<dataTypeSize>12</dataTypeSize>
<ownDataTypeParameters>12,,</ownDataTypeParameters>
</Attribute>
<Attribute name="nombre_completo" id="A370360E-30D8-2782-BED8-0336403C0CDD">
<createdBy>Dxtro</createdBy>
<createdTime>2025-09-15 23:28:30 UTC</createdTime>
<ownerDesignName>Clinica_Diego_Ignacio_grupo22</ownerDesignName>
<engineerTo>
<item key="DD950E23-0099-9496-CB8B-38FAC8E873FC" value="true"/>
</engineerTo>
<useDomainConstraints>false</useDomainConstraints>
<use>1</use>
<logicalDatatype>LOGDT024</logicalDatatype>
<dataTypeSize>100</dataTypeSize>
<ownDataTypeParameters>100,,</ownDataTypeParameters>
</Attribute>
<Attribute name="fecha_ingreso" id="79BB0A50-F65A-6664-B448-E07BDB763F7F">
<createdBy>Dxtro</createdBy>
<createdTime>2025-09-15 23:28:41 UTC</createdTime>
<ownerDesignName>Clinica_Diego_Ignacio_grupo22</ownerDesignName>
<engineerTo>
<item key="DD950E23-0099-9496-CB8B-38FAC8E873FC" value="true"/>
</engineerTo>
<useDomainConstraints>false</useDomainConstraints>
<use>1</use>
<logicalDatatype>LOGDT007</logicalDatatype>
<ownDataTypeParameters>,,</ownDataTypeParameters>
</Attribute>
<Attribute name="id_especialidad" id="8C82D3BE-0BFD-6AAD-B7C8-BB88D18B7F3E">
<createdBy>Dxtro</createdBy>
<createdTime>2025-09-15 23:38:27 UTC</createdTime>
<generatorID>5D12A1DA-7E34-DF25-26C5-0B1E301485A9</generatorID>
<ownerDesignName>Clinica_Diego_Ignacio_grupo22</ownerDesignName>
<engineerTo>
<item key="DD950E23-0099-9496-CB8B-38FAC8E873FC" value="true"/>
</engineerTo>
<referedAttribute>D5270582-5A47-DB96-1CA2-E517505E3CA2</referedAttribute>
<use>0</use>
<ownDataTypeParameters>,,</ownDataTypeParameters>
</Attribute>
<Attribute name="id_unidad" id="4FF77CC8-68F1-F9D2-F1DA-81348B8F345E">
<createdBy>Dxtro</createdBy>
<createdTime>2025-09-15 23:38:44 UTC</createdTime>
<generatorID>6CEB02EC-815F-267A-5684-DDE87FAAED02</generatorID>
<ownerDesignName>Clinica_Diego_Ignacio_grupo22</ownerDesignName>
<engineerTo>
<item key="DD950E23-0099-9496-CB8B-38FAC8E873FC" value="true"/>
</engineerTo>
<referedAttribute>D54EDE13-83C1-D450-0B6B-F80B1B5C8E04</referedAttribute>
<use>0</use>
<ownDataTypeParameters>,,</ownDataTypeParameters>
</Attribute>
<Attribute name="id_afp" id="7AA3EFF9-0A95-02A7-47A8-520EEA527254">
<createdBy>Dxtro</createdBy>
<createdTime>2025-09-15 23:39:01 UTC</createdTime>
<generatorID>75444279-8D5A-0B17-9285-2AFD81A0F8C6</generatorID>
<ownerDesignName>Clinica_Diego_Ignacio_grupo22</ownerDesignName>
<engineerTo>
<item key="DD950E23-0099-9496-CB8B-38FAC8E873FC" value="true"/>
</engineerTo>
<referedAttribute>82B592EB-41B3-173A-87E1-1808B2DCB808</referedAttribute>
<use>0</use>
<ownDataTypeParameters>,,</ownDataTypeParameters>
</Attribute>
<Attribute name="id_institucion" id="2B9A84F2-2D66-D85D-B76F-260DEDB55A94">
<createdBy>Dxtro</createdBy>
<createdTime>2025-09-15 23:39:22 UTC</createdTime>
<generatorID>F2044B63-2875-87BC-2E9C-CEC845AC8407</generatorID>
<ownerDesignName>Clinica_Diego_Ignacio_grupo22</ownerDesignName>
<engineerTo>
<item key="DD950E23-0099-9496-CB8B-38FAC8E873FC" value="true"/>
</engineerTo>
<referedAttribute>75A75410-7D31-5FB6-8927-24EDD1910053</referedAttribute>
<use>0</use>
<ownDataTypeParameters>,,</ownDataTypeParameters>
</Attribute>
</attributes>
<identifiers itemClass="oracle.dbtools.crest.model.design.logical.CandidateKey">
<identifier id="667CA447-0979-C71B-BA87-967417767EE8" name="MEDICO PK">
<createdBy>Dxtro</createdBy>
<createdTime>2025-09-15 23:28:02 UTC</createdTime>
<ownerDesignName>Clinica_Diego_Ignacio_grupo22</ownerDesignName>
<engineerTo>
<item key="DD950E23-0099-9496-CB8B-38FAC8E873FC" value="true"/>
</engineerTo>
<pk>true</pk>
<usedAttributes>
<attributeRef>EA560C08-FA32-F68F-9251-0CEAABC4AAA5</attributeRef>
</usedAttributes>
</identifier>
</identifiers>
</Entity>