<?xml version = '1.0' encoding = 'UTF-8'?>
<Entity class="oracle.dbtools.crest.model.design.logical.Entity" directorySegmentName="seg_0" id="3CFFD6E7-3FB5-7FD5-3B8B-D5FFFA1C72C4" name="PAGO_ATENCION">
<createdBy>Dxtro</createdBy>
<createdTime>2025-09-15 23:31:34 UTC</createdTime>
<ownerDesignName>Clinica_Diego_Ignacio_grupo22</ownerDesignName>
<engineerTo>
<item key="DD950E23-0099-9496-CB8B-38FAC8E873FC" value="true"/>
</engineerTo>
<adequatelyNormalized>NO</adequatelyNormalized>
<expectedVolumes>0</expectedVolumes>
<fwdEngineeringStrategyName>Single Table</fwdEngineeringStrategyName>
<growthPercent>0</growthPercent>
<growthType>Year</growthType>
<maxVolumes>9999999</maxVolumes>
<minVolumes>0</minVolumes>
<normalForm>Third</normalForm>
<attributes itemClass="oracle.dbtools.crest.model.design.logical.Attribute">
<Attribute name="id_pago" id="17ED0C9F-D767-496B-0E3D-BF78EF285E10">
<createdBy>Dxtro</createdBy>
<createdTime>2025-09-15 23:31:43 UTC</createdTime>
<ownerDesignName>Clinica_Diego_Ignacio_grupo22</ownerDesignName>
<engineerTo>
<item key="DD950E23-0099-9496-CB8B-38FAC8E873FC" value="true"/>
</engineerTo>
<use>0</use>
<ownDataTypeParameters>,,</ownDataTypeParameters>
</Attribute>
<Attribute name="monto" id="E91CA4C8-6730-A46B-2936-E8C0A6115362">
<createdBy>Dxtro</createdBy>
<createdTime>2025-09-15 23:31:52 UTC</createdTime>
<ownerDesignName>Clinica_Diego_Ignacio_grupo22</ownerDesignName>
<engineerTo>
<item key="DD950E23-0099-9496-CB8B-38FAC8E873FC" value="true"/>
</engineerTo>
<useDomainConstraints>false</useDomainConstraints>
<use>1</use>
<logicalDatatype>LOGDT019</logicalDatatype>
<dataTypePrecision>10</dataTypePrecision>
<dataTypeScale>2</dataTypeScale>
<ownDataTypeParameters>,10,2</ownDataTypeParameters>
</Attribute>
<Attribute name="tipo_pago" id="D0A65E67-E364-8B24-EAD2-14EC42E39ED8">
<createdBy>Dxtro</createdBy>
<createdTime>2025-09-15 23:32:24 UTC</createdTime>
<ownerDesignName>Clinica_Diego_Ignacio_grupo22</ownerDesignName>
<engineerTo>
<item key="DD950E23-0099-9496-CB8B-38FAC8E873FC" value="true"/>
</engineerTo>
<useDomainConstraints>false</useDomainConstraints>
<use>1</use>
<logicalDatatype>LOGDT024</logicalDatatype>
<dataTypeSize>10</dataTypeSize>
<ownDataTypeParameters>10,,</ownDataTypeParameters>
</Attribute>
<Attribute name="id_atencion" id="52667FCB-8475-1B12-22CF-E9644FCE6DB4">
<createdBy>Dxtro</createdBy>
<createdTime>2025-09-15 23:40:16 UTC</createdTime>
<generatorID>3809DAD4-A9E9-6A63-FCCF-76CAB6F8844F</generatorID>
<ownerDesignName>Clinica_Diego_Ignacio_grupo22</ownerDesignName>
<engineerTo>
<item key="DD950E23-0099-9496-CB8B-38FAC8E873FC" value="true"/>
</engineerTo>
<referedAttribute>212C4D70-938F-FB7F-D6D6-B890C10F23C5</referedAttribute>
<use>0</use>
<ownDataTypeParameters>,,</ownDataTypeParameters>
</Attribute>
</attributes>
<identifiers itemClass="oracle.dbtools.crest.model.design.logical.CandidateKey">
<identifier id="6D26DC79-0681-C876-20B2-6BF5888578F3" name="PAGO_ATENCION PK">
<createdBy>Dxtro</createdBy>
<createdTime>2025-09-15 23:31:50 UTC</createdTime>
<ownerDesignName>Clinica_Diego_Ignacio_grupo22</ownerDesignName>
<engineerTo>
<item key="DD950E23-0099-9496-CB8B-38FAC8E873FC" value="true"/>
</engineerTo>
<pk>true</pk>
<usedAttributes>
<attributeRef>17ED0C9F-D767-496B-0E3D-BF78EF285E10</attributeRef>
</usedAttributes>
</identifier>
</identifiers>
</Entity>