<?xml version = '1.0' encoding = 'UTF-8'?>
<Entity class="oracle.dbtools.crest.model.design.logical.Entity" directorySegmentName="seg_0" id="4CE80972-A780-9B75-40C5-2FD0F2ED7C47" name="UNIDAD_ATENCION">
<createdBy>Dxtro</createdBy>
<createdTime>2025-09-15 23:25:02 UTC</createdTime>
<ownerDesignName>Clinica_Diego_Ignacio_grupo22</ownerDesignName>
<engineerTo>
<item key="DD950E23-0099-9496-CB8B-38FAC8E873FC" value="true"/>
</engineerTo>
<adequatelyNormalized>NO</adequatelyNormalized>
<expectedVolumes>0</expectedVolumes>
<fwdEngineeringStrategyName>Single Table</fwdEngineeringStrategyName>
<growthPercent>0</growthPercent>
<growthType>Year</growthType>
<maxVolumes>9999999</maxVolumes>
<minVolumes>0</minVolumes>
<normalForm>Third</normalForm>
<attributes itemClass="oracle.dbtools.crest.model.design.logical.Attribute">
<Attribute name="id_unidad" id="D54EDE13-83C1-D450-0B6B-F80B1B5C8E04">
<createdBy>Dxtro</createdBy>
<createdTime>2025-09-15 23:25:05 UTC</createdTime>
<ownerDesignName>Clinica_Diego_Ignacio_grupo22</ownerDesignName>
<engineerTo>
<item key="DD950E23-0099-9496-CB8B-38FAC8E873FC" value="true"/>
</engineerTo>
<use>0</use>
<ownDataTypeParameters>,,</ownDataTypeParameters>
</Attribute>
<Attribute name="nombre" id="1AF55115-114D-6D34-F618-BEC6FE5D19E1">
<createdBy>Dxtro</createdBy>
<createdTime>2025-09-15 23:25:14 UTC</createdTime>
<ownerDesignName>Clinica_Diego_Ignacio_grupo22</ownerDesignName>
<engineerTo>
<item key="DD950E23-0099-9496-CB8B-38FAC8E873FC" value="true"/>
</engineerTo>
<useDomainConstraints>false</useDomainConstraints>
<use>1</use>
<logicalDatatype>LOGDT024</logicalDatatype>
<dataTypeSize>60</dataTypeSize>
<ownDataTypeParameters>60,,</ownDataTypeParameters>
</Attribute>
</attributes>
<identifiers itemClass="oracle.dbtools.crest.model.design.logical.CandidateKey">
<identifier id="4C7BBC96-3B7C-9AF7-0E93-814F5177C02B" name="UNIDAD_ATENCION PK">
<createdBy>Dxtro</createdBy>
<createdTime>2025-09-15 23:25:12 UTC</createdTime>
<ownerDesignName>Clinica_Diego_Ignacio_grupo22</ownerDesignName>
<engineerTo>
<item key="DD950E23-0099-9496-CB8B-38FAC8E873FC" value="true"/>
</engineerTo>
<pk>true</pk>
<usedAttributes>
<attributeRef>D54EDE13-83C1-D450-0B6B-F80B1B5C8E04</attributeRef>
</usedAttributes>
</identifier>
</identifiers>
</Entity>