<?xml version = '1.0' encoding = 'UTF-8'?>
<Entity class="oracle.dbtools.crest.model.design.logical.Entity" directorySegmentName="seg_0" id="524360CA-61C5-C76E-CB04-F065360AA0ED" name="REGION">
<createdBy>Dxtro</createdBy>
<createdTime>2025-09-15 23:18:27 UTC</createdTime>
<ownerDesignName>Clinica_Diego_Ignacio_grupo22</ownerDesignName>
<engineerTo>
<item key="DD950E23-0099-9496-CB8B-38FAC8E873FC" value="true"/>
</engineerTo>
<adequatelyNormalized>NO</adequatelyNormalized>
<expectedVolumes>0</expectedVolumes>
<fwdEngineeringStrategyName>Single Table</fwdEngineeringStrategyName>
<growthPercent>0</growthPercent>
<growthType>Year</growthType>
<maxVolumes>9999999</maxVolumes>
<minVolumes>0</minVolumes>
<normalForm>Third</normalForm>
<attributes itemClass="oracle.dbtools.crest.model.design.logical.Attribute">
<Attribute name="id_region" id="D57DB79B-4A6E-3E8D-05A6-9BA09E9B3D88">
<createdBy>Dxtro</createdBy>
<createdTime>2025-09-15 23:18:43 UTC</createdTime>
<ownerDesignName>Clinica_Diego_Ignacio_grupo22</ownerDesignName>
<engineerTo>
<item key="DD950E23-0099-9496-CB8B-38FAC8E873FC" value="true"/>
</engineerTo>
<useDomainConstraints>false</useDomainConstraints>
<use>1</use>
<logicalDatatype>LOGDT019</logicalDatatype>
<ownDataTypeParameters>,,</ownDataTypeParameters>
</Attribute>
<Attribute name="nombre" id="AE436EC5-341C-3DCC-1022-5F03B8AE1F3F">
<createdBy>Dxtro</createdBy>
<createdTime>2025-09-15 23:19:14 UTC</createdTime>
<ownerDesignName>Clinica_Diego_Ignacio_grupo22</ownerDesignName>
<engineerTo>
<item key="DD950E23-0099-9496-CB8B-38FAC8E873FC" value="true"/>
</engineerTo>
<useDomainConstraints>false</useDomainConstraints>
<use>1</use>
<logicalDatatype>LOGDT024</logicalDatatype>
<dataTypeSize>60</dataTypeSize>
<ownDataTypeParameters>60,,</ownDataTypeParameters>
</Attribute>
</attributes>
<identifiers itemClass="oracle.dbtools.crest.model.design.logical.CandidateKey">
<identifier id="4CA47048-07B0-7CEA-F273-F2D9143AAD90" name="REGION PK">
<createdBy>Dxtro</createdBy>
<createdTime>2025-09-15 23:18:49 UTC</createdTime>
<ownerDesignName>Clinica_Diego_Ignacio_grupo22</ownerDesignName>
<engineerTo>
<item key="DD950E23-0099-9496-CB8B-38FAC8E873FC" value="true"/>
</engineerTo>
<pk>true</pk>
<usedAttributes>
<attributeRef>D57DB79B-4A6E-3E8D-05A6-9BA09E9B3D88</attributeRef>
</usedAttributes>
</identifier>
</identifiers>
</Entity>