<?xml version = '1.0' encoding = 'UTF-8'?>
<Entity class="oracle.dbtools.crest.model.design.logical.Entity" directorySegmentName="seg_0" id="9E9F748E-BB62-4267-8A1B-DD2FCE116AF0" name="SOLICITUD_EXAMEN">
<createdBy>Dxtro</createdBy>
<createdTime>2025-09-15 23:34:34 UTC</createdTime>
<ownerDesignName>Clinica_Diego_Ignacio_grupo22</ownerDesignName>
<engineerTo>
<item key="DD950E23-0099-9496-CB8B-38FAC8E873FC" value="true"/>
</engineerTo>
<adequatelyNormalized>NO</adequatelyNormalized>
<expectedVolumes>0</expectedVolumes>
<fwdEngineeringStrategyName>Single Table</fwdEngineeringStrategyName>
<growthPercent>0</growthPercent>
<growthType>Year</growthType>
<maxVolumes>9999999</maxVolumes>
<minVolumes>0</minVolumes>
<normalForm>Third</normalForm>
<attributes itemClass="oracle.dbtools.crest.model.design.logical.Attribute">
<Attribute name="id_solicitud" id="DA75E312-5A5E-C951-B18F-C9F6405C9B99">
<createdBy>Dxtro</createdBy>
<createdTime>2025-09-15 23:34:43 UTC</createdTime>
<ownerDesignName>Clinica_Diego_Ignacio_grupo22</ownerDesignName>
<engineerTo>
<item key="DD950E23-0099-9496-CB8B-38FAC8E873FC" value="true"/>
</engineerTo>
<use>0</use>
<ownDataTypeParameters>,,</ownDataTypeParameters>
</Attribute>
<Attribute name="fecha_solicitud" id="8FE72303-D484-CF0E-D3B4-382148B59BF4">
<createdBy>Dxtro</createdBy>
<createdTime>2025-09-15 23:34:57 UTC</createdTime>
<ownerDesignName>Clinica_Diego_Ignacio_grupo22</ownerDesignName>
<engineerTo>
<item key="DD950E23-0099-9496-CB8B-38FAC8E873FC" value="true"/>
</engineerTo>
<useDomainConstraints>false</useDomainConstraints>
<use>1</use>
<logicalDatatype>LOGDT007</logicalDatatype>
<ownDataTypeParameters>,,</ownDataTypeParameters>
</Attribute>
<Attribute name="observaciones" id="46ECB61A-17A8-E6E3-FBEC-4400312B826A">
<createdBy>Dxtro</createdBy>
<createdTime>2025-09-15 23:35:25 UTC</createdTime>
<ownerDesignName>Clinica_Diego_Ignacio_grupo22</ownerDesignName>
<engineerTo>
<item key="DD950E23-0099-9496-CB8B-38FAC8E873FC" value="true"/>
</engineerTo>
<nullsAllowed>true</nullsAllowed>
<useDomainConstraints>false</useDomainConstraints>
<use>1</use>
<logicalDatatype>LOGDT024</logicalDatatype>
<dataTypeSize>200</dataTypeSize>
<ownDataTypeParameters>200,,</ownDataTypeParameters>
</Attribute>
<Attribute name="id_examen" id="1FEECE77-A697-7723-22A8-FDB528DEA4AC">
<createdBy>Dxtro</createdBy>
<createdTime>2025-09-15 23:45:18 UTC</createdTime>
<generatorID>72001D02-6123-94D3-EB05-C5F42962CC10</generatorID>
<ownerDesignName>Clinica_Diego_Ignacio_grupo22</ownerDesignName>
<engineerTo>
<item key="DD950E23-0099-9496-CB8B-38FAC8E873FC" value="true"/>
</engineerTo>
<referedAttribute>E21C3D28-1CE5-0920-8ACB-C0E2633BB407</referedAttribute>
<use>0</use>
<ownDataTypeParameters>,,</ownDataTypeParameters>
</Attribute>
</attributes>
<identifiers itemClass="oracle.dbtools.crest.model.design.logical.CandidateKey">
<identifier id="6B0BDC0D-AE0F-B59B-F164-CB611104EEEE" name="SOLICITUD_EXAMEN PK">
<createdBy>Dxtro</createdBy>
<createdTime>2025-09-15 23:34:55 UTC</createdTime>
<ownerDesignName>Clinica_Diego_Ignacio_grupo22</ownerDesignName>
<engineerTo>
<item key="DD950E23-0099-9496-CB8B-38FAC8E873FC" value="true"/>
</engineerTo>
<pk>true</pk>
<usedAttributes>
<attributeRef>DA75E312-5A5E-C951-B18F-C9F6405C9B99</attributeRef>
</usedAttributes>
</identifier>
</identifiers>
</Entity>