<?xml version = '1.0' encoding = 'UTF-8'?>
<Entity class="oracle.dbtools.crest.model.design.logical.Entity" directorySegmentName="seg_0" id="50620E82-176F-9E22-6F79-6F8F553F668A" name="comuna">
<createdBy>Dxtro</createdBy>
<createdTime>2025-10-12 21:58:30 UTC</createdTime>
<generatorID>A95B9B34-6580-A9BF-A571-9A1E00B8622C</generatorID>
<ownerDesignName>CristaleriaAndina</ownerDesignName>
<engineerTo>
<item key="933B4483-CA39-6377-448C-F2029B628776" value="true"/>
</engineerTo>
<adequatelyNormalized>NO</adequatelyNormalized>
<expectedVolumes>0</expectedVolumes>
<fwdEngineeringStrategyName>Single Table</fwdEngineeringStrategyName>
<growthPercent>0</growthPercent>
<growthType>Year</growthType>
<maxVolumes>9999999</maxVolumes>
<minVolumes>0</minVolumes>
<normalForm>Third</normalForm>
<attributes itemClass="oracle.dbtools.crest.model.design.logical.Attribute">
<Attribute name="id comuna" id="355DEB72-FD1E-ECC9-639F-99190E8A733B">
<createdBy>Dxtro</createdBy>
<createdTime>2025-10-12 21:58:30 UTC</createdTime>
<generatorID>ECF3E377-188E-EC4C-BEB7-882BF80C1070</generatorID>
<ownerDesignName>CristaleriaAndina</ownerDesignName>
<engineerTo>
<item key="933B4483-CA39-6377-448C-F2029B628776" value="true"/>
</engineerTo>
<use>0</use>
<logicalDatatype>LOGDT019</logicalDatatype>
<domain>75436FCC-6E7B-1031-45DE-4BE300CBCEF4</domain>
<ownDataTypeParameters>,,</ownDataTypeParameters>
</Attribute>
<Attribute name="nom comuna" id="22575341-1320-BB49-EDF7-E55FCA611F5A">
<createdBy>Dxtro</createdBy>
<createdTime>2025-10-12 21:58:30 UTC</createdTime>
<generatorID>B9A5DD76-A49A-B103-4705-AD402EAF592A</generatorID>
<ownerDesignName>CristaleriaAndina</ownerDesignName>
<engineerTo>
<item key="933B4483-CA39-6377-448C-F2029B628776" value="true"/>
</engineerTo>
<use>0</use>
<logicalDatatype>LOGDT024</logicalDatatype>
<domain>D9BB502B-F316-5F61-C670-9D4E19D6AD4B</domain>
<ownDataTypeParameters>,,</ownDataTypeParameters>
</Attribute>
<Attribute name="id region" id="08726E11-55D3-8266-B64D-7B7D020300E0">
<createdBy>Dxtro</createdBy>
<createdTime>2025-10-12 21:58:30 UTC</createdTime>
<generatorID>9D52B4A4-E481-AA14-163E-D582AECB3A0D</generatorID>
<ownerDesignName>CristaleriaAndina</ownerDesignName>
<engineerTo>
<item key="933B4483-CA39-6377-448C-F2029B628776" value="true"/>
</engineerTo>
<referedAttribute>F89CC9A7-4BCA-4EE2-0A8B-287B24ED130C</referedAttribute>
<use>0</use>
<logicalDatatype>LOGDT019</logicalDatatype>
<domain>1057E144-0B77-1A8D-1B68-5FF92300AA93</domain>
<ownDataTypeParameters>,,</ownDataTypeParameters>
</Attribute>
</attributes>
<identifiers itemClass="oracle.dbtools.crest.model.design.logical.CandidateKey">
<identifier id="2F7EF7CB-2607-62D1-5A36-68081169C1FA" name="pk comuna">
<createdBy>Dxtro</createdBy>
<createdTime>2025-10-12 21:58:30 UTC</createdTime>
<generatorID>7ED67EE3-D98B-675F-4AA1-E8D544D83E7C</generatorID>
<ownerDesignName>CristaleriaAndina</ownerDesignName>
<engineerTo>
<item key="933B4483-CA39-6377-448C-F2029B628776" value="true"/>
</engineerTo>
<pk>true</pk>
<usedAttributes>
<attributeRef>355DEB72-FD1E-ECC9-639F-99190E8A733B</attributeRef>
</usedAttributes>
</identifier>
</identifiers>
</Entity>