<?xml version = '1.0' encoding = 'UTF-8'?>
<Entity class="oracle.dbtools.crest.model.design.logical.Entity" directorySegmentName="seg_0" id="74319D02-FE4B-B316-1A1B-A28395CB823E" name="afp">
<createdBy>Dxtro</createdBy>
<createdTime>2025-10-12 21:58:30 UTC</createdTime>
<generatorID>6749D277-4EB2-CBDB-79DC-B7E819277F20</generatorID>
<ownerDesignName>CristaleriaAndina</ownerDesignName>
<engineerTo>
<item key="933B4483-CA39-6377-448C-F2029B628776" value="true"/>
</engineerTo>
<adequatelyNormalized>NO</adequatelyNormalized>
<expectedVolumes>0</expectedVolumes>
<fwdEngineeringStrategyName>Single Table</fwdEngineeringStrategyName>
<growthPercent>0</growthPercent>
<growthType>Year</growthType>
<maxVolumes>9999999</maxVolumes>
<minVolumes>0</minVolumes>
<normalForm>Third</normalForm>
<attributes itemClass="oracle.dbtools.crest.model.design.logical.Attribute">
<Attribute name="id afp" id="6D8959B0-2EBF-5F6D-640F-7F649AD74B28">
<createdBy>Dxtro</createdBy>
<createdTime>2025-10-12 21:58:30 UTC</createdTime>
<generatorID>56562354-5C0C-ECFA-BEA9-C40DF84627E8</generatorID>
<ownerDesignName>CristaleriaAndina</ownerDesignName>
<engineerTo>
<item key="933B4483-CA39-6377-448C-F2029B628776" value="true"/>
</engineerTo>
<use>0</use>
<logicalDatatype>LOGDT019</logicalDatatype>
<domain>CC0349CA-3447-C4F9-F391-57E4DEB55006</domain>
<ownDataTypeParameters>,,</ownDataTypeParameters>
</Attribute>
<Attribute name="nom afp" id="C31A3A64-85E2-47EA-4B00-2E97F18F0C67">
<createdBy>Dxtro</createdBy>
<createdTime>2025-10-12 21:58:30 UTC</createdTime>
<generatorID>5F34D4FF-6828-175E-9F59-15FDA78272AC</generatorID>
<ownerDesignName>CristaleriaAndina</ownerDesignName>
<engineerTo>
<item key="933B4483-CA39-6377-448C-F2029B628776" value="true"/>
</engineerTo>
<use>0</use>
<logicalDatatype>LOGDT024</logicalDatatype>
<domain>AD0A7793-1F2B-B7C3-D100-18A96B2FF1EC</domain>
<ownDataTypeParameters>,,</ownDataTypeParameters>
</Attribute>
</attributes>
<identifiers itemClass="oracle.dbtools.crest.model.design.logical.CandidateKey">
<identifier id="F95AB20C-6A96-9940-5CB4-569558A970A7" name="pk afp">
<createdBy>Dxtro</createdBy>
<createdTime>2025-10-12 21:58:30 UTC</createdTime>
<generatorID>1C89572E-8D5C-C625-2C50-4892307032FB</generatorID>
<ownerDesignName>CristaleriaAndina</ownerDesignName>
<engineerTo>
<item key="933B4483-CA39-6377-448C-F2029B628776" value="true"/>
</engineerTo>
<pk>true</pk>
<usedAttributes>
<attributeRef>6D8959B0-2EBF-5F6D-640F-7F649AD74B28</attributeRef>
</usedAttributes>
</identifier>
<identifier id="CB208E69-34F3-C6F5-F8DF-6ED285B19F3A" name="uq afp nombre">
<createdBy>Dxtro</createdBy>
<createdTime>2025-10-12 21:58:30 UTC</createdTime>
<generatorID>F431C1A4-8276-A175-C594-E36699B4EBDA</generatorID>
<ownerDesignName>CristaleriaAndina</ownerDesignName>
<engineerTo>
<item key="933B4483-CA39-6377-448C-F2029B628776" value="true"/>
</engineerTo>
<usedAttributes>
<attributeRef>C31A3A64-85E2-47EA-4B00-2E97F18F0C67</attributeRef>
</usedAttributes>
</identifier>
</identifiers>
</Entity>