<?xml version = '1.0' encoding = 'UTF-8'?>
<FKIndexAssociation class="oracle.dbtools.crest.model.design.relational.FKIndexAssociation" directorySegmentName="seg_0" id="4903D5F0-0ED3-89D2-E1E9-98F356D6E56E" containerWithKeyObject="8AB55945-AF1B-2CEB-CE05-6BAC48EB3264" localFKIndex="321AD2E0-C923-1D7A-28B3-6DA83938AE83" name="RESERVA_EMPLEADO_FK">
<createdBy>Dxtro</createdBy>
<createdTime>2025-08-19 01:54:18 UTC</createdTime>
<generatorID>0D74B1BD-3C8E-322D-C9FC-32C55CD63484</generatorID>
<ownerDesignName>Modelo_Avion</ownerDesignName>
<referredTableLongName>EMPLEADO</referredTableLongName>
<deleteRule>NO ACTION</deleteRule>
<referredTableID>B5E037E5-AAFA-D432-DC74-3D8B5795274C</referredTableID>
<keyObject>6466CA28-92EF-5A2B-F3F8-BE3CD3C6B476</keyObject>
<referredKeyID>6466CA28-92EF-5A2B-F3F8-BE3CD3C6B476</referredKeyID>
<mandatory>true</mandatory>
<refColNames>id_rut</refColNames>
<transferable>true</transferable>
<rely>false</rely>
<columnDependencyConstraintGenerateInDDL>true</columnDependencyConstraintGenerateInDDL>
</FKIndexAssociation>