<?xml version = '1.0' encoding = 'UTF-8'?>
<FKIndexAssociation class="oracle.dbtools.crest.model.design.relational.FKIndexAssociation" directorySegmentName="seg_0" id="7FF770F0-FB0F-97BF-B725-A9AEE23DE866" containerWithKeyObject="8AB55945-AF1B-2CEB-CE05-6BAC48EB3264" localFKIndex="2738ED79-ADAF-FB69-8EB9-CC34A01383E7" name="RESERVA_PASAJERO_FK">
<createdBy>Dxtro</createdBy>
<createdTime>2025-08-19 01:54:18 UTC</createdTime>
<generatorID>B7AF36B0-E09B-A1A6-0438-5D2EC71DC95F</generatorID>
<ownerDesignName>Modelo_Avion</ownerDesignName>
<referredTableLongName>PASAJERO</referredTableLongName>
<deleteRule>NO ACTION</deleteRule>
<referredTableID>9673FB1A-AD97-FD9E-1E79-55BFD5B4E620</referredTableID>
<keyObject>CE8A0726-1BF0-D7C1-6515-A152E158DFAD</keyObject>
<referredKeyID>CE8A0726-1BF0-D7C1-6515-A152E158DFAD</referredKeyID>
<mandatory>true</mandatory>
<refColNames>id_documento</refColNames>
<transferable>true</transferable>
<rely>false</rely>
<columnDependencyConstraintGenerateInDDL>true</columnDependencyConstraintGenerateInDDL>
</FKIndexAssociation>