<?xml version = '1.0' encoding = 'UTF-8'?>
<FKIndexAssociation class="oracle.dbtools.crest.model.design.relational.FKIndexAssociation" directorySegmentName="seg_0" id="9F4D0D76-6646-A730-D03F-6D8E7EC9AE09" containerWithKeyObject="8AB55945-AF1B-2CEB-CE05-6BAC48EB3264" localFKIndex="6AC98D4B-1BE2-850C-7127-3C16DF534C03" name="RESERVA_VUELO_FK">
<createdBy>Dxtro</createdBy>
<createdTime>2025-08-19 01:54:18 UTC</createdTime>
<generatorID>E6546D89-1D81-B9A4-4AA0-C27141BA89B0</generatorID>
<ownerDesignName>Modelo_Avion</ownerDesignName>
<referredTableLongName>VUELO</referredTableLongName>
<deleteRule>NO ACTION</deleteRule>
<referredTableID>0EDF39FF-6C32-9A42-24E2-10E76434BB12</referredTableID>
<keyObject>AB008437-B2EE-372A-DF9A-95B6E36C6BDD</keyObject>
<referredKeyID>AB008437-B2EE-372A-DF9A-95B6E36C6BDD</referredKeyID>
<mandatory>true</mandatory>
<refColNames>id_numero_vuelo</refColNames>
<transferable>true</transferable>
<rely>false</rely>
<columnDependencyConstraintGenerateInDDL>true</columnDependencyConstraintGenerateInDDL>
</FKIndexAssociation>