<?xml version = '1.0' encoding = 'UTF-8'?>
<Diagram class="oracle.dbtools.crest.swingui.relational.DPVRelational" name="Relational_1" id="0BC5F85D-4A0C-F86B-97D6-CE494745AC68">
<createdBy>Dxtro</createdBy>
<modifiedBy>Dxtro</modifiedBy>
<createdTime>2025-10-12 21:58:22 UTC</createdTime>
<autoRoute>false</autoRoute>
<boxInbox>false</boxInbox>
<showLegend>false</showLegend>
<showLabels>false</showLabels>
<showRelAttributes>false</showRelAttributes>
<gridEnabled>false</gridEnabled>
<showGrid>false</showGrid>
<diagramColor>-1</diagramColor>
<display>false</display>
<notation>1</notation>
<objectViews>
<OView class="oracle.dbtools.crest.swingui.relational.TVTable" oid="1B03D34A-BD16-0677-A9CA-516079915694" otype="Table" vid="980B1982-F10F-33C3-0765-FD72DFC9FD48">
<hideElementsInCurrentOnly>false</hideElementsInCurrentOnly>
<bounds x="895" y="580" width="198" height="122"/>
</OView>
<OView class="oracle.dbtools.crest.swingui.relational.TVTable" oid="57860DD6-0E61-F6D9-8812-13DCB24199E3" otype="Table" vid="9629B765-0978-C99F-F332-449F0A138F35">
<hideElementsInCurrentOnly>false</hideElementsInCurrentOnly>
<bounds x="896" y="930" width="198" height="88"/>
</OView>
<OView class="oracle.dbtools.crest.swingui.relational.TVTable" oid="6749D277-4EB2-CBDB-79DC-B7E819277F20" otype="Table" vid="38E58D5B-8EB1-42C3-13DD-1ADF6F2F53F4">
<hideElementsInCurrentOnly>false</hideElementsInCurrentOnly>
<bounds x="1202" y="244" width="177" height="88"/>
</OView>
<OView class="oracle.dbtools.crest.swingui.relational.TVTable" oid="68A7BA4B-4FAE-DD7D-C350-4C4EE4C550A3" otype="Table" vid="528EC1DF-6632-9FFB-9DB6-F290EF36C0DD">
<hideElementsInCurrentOnly>false</hideElementsInCurrentOnly>
<bounds x="1469" y="244" width="263" height="178"/>
</OView>
<OView class="oracle.dbtools.crest.swingui.relational.TVTable" oid="6F706AEC-1C07-8AF3-4C29-8D8079026FD0" otype="Table" vid="03C362C5-B45D-9318-2C85-F06124DE2784">
<hideElementsInCurrentOnly>false</hideElementsInCurrentOnly>
<bounds x="20" y="580" width="217" height="122"/>
</OView>
<OView class="oracle.dbtools.crest.swingui.relational.TVTable" oid="7B65350E-F290-8229-11D3-65637B8EC0E1" otype="Table" vid="C06D297D-4EA4-A7EA-8E44-23FC49CE1329">
<hideElementsInCurrentOnly>false</hideElementsInCurrentOnly>
<bounds x="1202" y="352" width="187" height="88"/>
</OView>
<OView class="oracle.dbtools.crest.swingui.relational.TVTable" oid="81B505D8-AA1F-2A6D-A25D-D7EEA6F161FC" otype="Table" vid="7CDDCDDF-33B2-1FB7-BDD1-53B431C67819">
<hideElementsInCurrentOnly>false</hideElementsInCurrentOnly>
<bounds x="1193" y="482" width="196" height="164"/>
</OView>
<OView class="oracle.dbtools.crest.swingui.relational.TVTable" oid="88ADB0FE-1E31-3100-83D4-A1F61C5B0C3A" otype="Table" vid="830B5750-D4FA-2000-886A-475A76BDA6BB">
<hideElementsInCurrentOnly>false</hideElementsInCurrentOnly>
<bounds x="1470" y="482" width="215" height="88"/>
</OView>
<OView class="oracle.dbtools.crest.swingui.relational.TVTable" oid="8F056B3F-6543-4A9D-298A-4ED9B8B48A05" otype="Table" vid="C800EFB3-0D4B-1639-891F-0CFFFF2F5946">
<hideElementsInCurrentOnly>false</hideElementsInCurrentOnly>
<bounds x="894" y="244" width="228" height="276"/>
</OView>
<OView class="oracle.dbtools.crest.swingui.relational.TVTable" oid="A95B9B34-6580-A9BF-A571-9A1E00B8622C" otype="Table" vid="ADBD7951-7149-BCB5-2486-E37F6F905921">
<hideElementsInCurrentOnly>false</hideElementsInCurrentOnly>
<bounds x="896" y="762" width="207" height="108"/>
</OView>
<OView class="oracle.dbtools.crest.swingui.relational.TVTable" oid="CB0292E6-7B2D-C5FA-C02F-D561F1766C29" otype="Table" vid="D082CB12-E104-ED79-8A23-F330A8F37EFE">
<hideElementsInCurrentOnly>false</hideElementsInCurrentOnly>
<bounds x="1182" y="20" width="198" height="116"/>
</OView>
<OView class="oracle.dbtools.crest.swingui.relational.TVTable" oid="D50E28D7-8E3F-D7B5-9BD9-BBFDFC1536EE" otype="Table" vid="3F8FE301-7AF3-0574-FB41-996C408A0A9D">
<hideElementsInCurrentOnly>false</hideElementsInCurrentOnly>
<bounds x="610" y="580" width="204" height="108"/>
</OView>
<OView class="oracle.dbtools.crest.swingui.relational.TVTable" oid="DC0FE2EE-9E7E-B3B2-6A2D-60DD15181C1F" otype="Table" vid="6643DEFF-3A4A-D027-C47A-7E163F48CFDF">
<hideElementsInCurrentOnly>false</hideElementsInCurrentOnly>
<bounds x="894" y="20" width="208" height="164"/>
</OView>
<OView class="oracle.dbtools.crest.swingui.relational.TVTable" oid="E58D9DEE-7BDC-7856-46FF-5301131E8EC3" otype="Table" vid="FD1E52C2-75BA-179B-CAC0-B4720A7B92BD">
<hideElementsInCurrentOnly>false</hideElementsInCurrentOnly>
<bounds x="317" y="580" width="213" height="122"/>
</OView>
</objectViews>
<connectors>
<Connector class="oracle.dbtools.crest.swingui.relational.TVFKRelation" oid="1B7666B9-EAAB-6659-E250-3957BE6760E2" otype="FKIndexAssociation" vid_source="830B5750-D4FA-2000-886A-475A76BDA6BB" vid_target="528EC1DF-6632-9FFB-9DB6-F290EF36C0DD">
<hideElementsInCurrentOnly>false</hideElementsInCurrentOnly>
<backgroundColor>-16777216</backgroundColor>
<lineWidth>1</lineWidth>
<points>
<point x="1577" y="482"/>
<point x="1577" y="422"/>
</points>
</Connector>
<Connector class="oracle.dbtools.crest.swingui.relational.TVFKRelation" oid="1E7E0A1A-2DDE-07CC-EF0E-CC636B38F254" otype="FKIndexAssociation" vid_source="03C362C5-B45D-9318-2C85-F06124DE2784" vid_target="7CDDCDDF-33B2-1FB7-BDD1-53B431C67819">
<hideElementsInCurrentOnly>false</hideElementsInCurrentOnly>
<backgroundColor>-16777216</backgroundColor>
<lineWidth>1</lineWidth>
<points>
<point x="237" y="613"/>
<point x="1193" y="613"/>
</points>
</Connector>
<Connector class="oracle.dbtools.crest.swingui.relational.TVFKRelation" oid="235D3F0B-46BB-1F3A-12C2-755841C54660" otype="FKIndexAssociation" vid_source="C800EFB3-0D4B-1639-891F-0CFFFF2F5946" vid_target="C800EFB3-0D4B-1639-891F-0CFFFF2F5946">
<hideElementsInCurrentOnly>false</hideElementsInCurrentOnly>
<backgroundColor>-16777216</backgroundColor>
<lineWidth>1</lineWidth>
<points>
<point x="1122" y="406"/>
<point x="1172" y="406"/>
<point x="1172" y="570"/>
<point x="1028" y="570"/>
<point x="1028" y="520"/>
</points>
</Connector>
<Connector class="oracle.dbtools.crest.swingui.relational.TVFKRelation" oid="34418E81-CC9D-74DF-F8D8-279AE22541FD" otype="FKIndexAssociation" vid_source="ADBD7951-7149-BCB5-2486-E37F6F905921" vid_target="980B1982-F10F-33C3-0765-FD72DFC9FD48">
<hideElementsInCurrentOnly>false</hideElementsInCurrentOnly>
<backgroundColor>-16777216</backgroundColor>
<lineWidth>1</lineWidth>
<points>
<point x="994" y="762"/>
<point x="994" y="702"/>
</points>
</Connector>
<Connector class="oracle.dbtools.crest.swingui.relational.TVFKRelation" oid="3D5F34C2-1C42-3D62-4188-64DE61FBC985" otype="FKIndexAssociation" vid_source="980B1982-F10F-33C3-0765-FD72DFC9FD48" vid_target="C800EFB3-0D4B-1639-891F-0CFFFF2F5946">
<hideElementsInCurrentOnly>false</hideElementsInCurrentOnly>
<backgroundColor>-16777216</backgroundColor>
<lineWidth>1</lineWidth>
<points>
<point x="1009" y="580"/>
<point x="1009" y="520"/>
</points>
</Connector>
<Connector class="oracle.dbtools.crest.swingui.relational.TVFKRelation" oid="50C9BF1E-F0B6-FCD6-148E-997D2CA61A9C" otype="FKIndexAssociation" vid_source="528EC1DF-6632-9FFB-9DB6-F290EF36C0DD" vid_target="6643DEFF-3A4A-D027-C47A-7E163F48CFDF">
<hideElementsInCurrentOnly>false</hideElementsInCurrentOnly>
<backgroundColor>-16777216</backgroundColor>
<lineWidth>1</lineWidth>
<points>
<point x="1469" y="282"/>
<point x="1102" y="141"/>
</points>
</Connector>
<Connector class="oracle.dbtools.crest.swingui.relational.TVFKRelation" oid="7B4AE4B8-90EE-DA2A-42E9-02D090B49D13" otype="FKIndexAssociation" vid_source="528EC1DF-6632-9FFB-9DB6-F290EF36C0DD" vid_target="7CDDCDDF-33B2-1FB7-BDD1-53B431C67819">
<hideElementsInCurrentOnly>false</hideElementsInCurrentOnly>
<backgroundColor>-16777216</backgroundColor>
<lineWidth>1</lineWidth>
<points>
<point x="1481" y="422"/>
<point x="1389" y="490"/>
</points>
</Connector>
<Connector class="oracle.dbtools.crest.swingui.relational.TVFKRelation" oid="7C485A20-8140-8B5A-446A-DAE110D47BD4" otype="FKIndexAssociation" vid_source="38E58D5B-8EB1-42C3-13DD-1ADF6F2F53F4" vid_target="C800EFB3-0D4B-1639-891F-0CFFFF2F5946">
<hideElementsInCurrentOnly>false</hideElementsInCurrentOnly>
<backgroundColor>-16777216</backgroundColor>
<lineWidth>1</lineWidth>
<points>
<point x="1202" y="288"/>
<point x="1122" y="288"/>
</points>
</Connector>
<Connector class="oracle.dbtools.crest.swingui.relational.TVFKRelation" oid="81006DCD-2621-A032-92DC-5766B4AB2CEC" otype="FKIndexAssociation" vid_source="C800EFB3-0D4B-1639-891F-0CFFFF2F5946" vid_target="03C362C5-B45D-9318-2C85-F06124DE2784">
<hideElementsInCurrentOnly>false</hideElementsInCurrentOnly>
<backgroundColor>-16777216</backgroundColor>
<lineWidth>1</lineWidth>
<points>
<point x="894" y="415"/>
<point x="237" y="624"/>
</points>
</Connector>
<Connector class="oracle.dbtools.crest.swingui.relational.TVFKRelation" oid="856F460D-D6F3-D00D-2293-40226ADB79A4" otype="FKIndexAssociation" vid_source="C06D297D-4EA4-A7EA-8E44-23FC49CE1329" vid_target="C800EFB3-0D4B-1639-891F-0CFFFF2F5946">
<hideElementsInCurrentOnly>false</hideElementsInCurrentOnly>
<backgroundColor>-16777216</backgroundColor>
<lineWidth>1</lineWidth>
<points>
<point x="1202" y="396"/>
<point x="1122" y="396"/>
</points>
</Connector>
<Connector class="oracle.dbtools.crest.swingui.relational.TVFKRelation" oid="C2A0715D-CC51-10BE-894C-3F48F5DAF13C" otype="FKIndexAssociation" vid_source="980B1982-F10F-33C3-0765-FD72DFC9FD48" vid_target="528EC1DF-6632-9FFB-9DB6-F290EF36C0DD">
<hideElementsInCurrentOnly>false</hideElementsInCurrentOnly>
<backgroundColor>-16777216</backgroundColor>
<lineWidth>1</lineWidth>
<points>
<point x="1093" y="590"/>
<point x="1469" y="399"/>
</points>
</Connector>
<Connector class="oracle.dbtools.crest.swingui.relational.TVFKRelation" oid="C53D6F4C-DFCE-7999-3D0C-F5608F861855" otype="FKIndexAssociation" vid_source="C800EFB3-0D4B-1639-891F-0CFFFF2F5946" vid_target="FD1E52C2-75BA-179B-CAC0-B4720A7B92BD">
<hideElementsInCurrentOnly>false</hideElementsInCurrentOnly>
<backgroundColor>-16777216</backgroundColor>
<lineWidth>1</lineWidth>
<points>
<point x="894" y="432"/>
<point x="530" y="593"/>
</points>
</Connector>
<Connector class="oracle.dbtools.crest.swingui.relational.TVFKRelation" oid="CC51A639-57C1-46B6-4C80-932D68F7DF19" otype="FKIndexAssociation" vid_source="D082CB12-E104-ED79-8A23-F330A8F37EFE" vid_target="6643DEFF-3A4A-D027-C47A-7E163F48CFDF">
<hideElementsInCurrentOnly>false</hideElementsInCurrentOnly>
<backgroundColor>-16777216</backgroundColor>
<lineWidth>1</lineWidth>
<points>
<point x="1182" y="78"/>
<point x="1102" y="78"/>
</points>
</Connector>
<Connector class="oracle.dbtools.crest.swingui.relational.TVFKRelation" oid="F3D7129E-0A92-C596-6603-69DBD3BEA375" otype="FKIndexAssociation" vid_source="C800EFB3-0D4B-1639-891F-0CFFFF2F5946" vid_target="6643DEFF-3A4A-D027-C47A-7E163F48CFDF">
<hideElementsInCurrentOnly>false</hideElementsInCurrentOnly>
<backgroundColor>-16777216</backgroundColor>
<lineWidth>1</lineWidth>
<points>
<point x="998" y="244"/>
<point x="998" y="184"/>
</points>
</Connector>
<Connector class="oracle.dbtools.crest.swingui.relational.TVFKRelation" oid="FAD9D078-E5BB-FDF4-CD06-4EBECF398B31" otype="FKIndexAssociation" vid_source="C800EFB3-0D4B-1639-891F-0CFFFF2F5946" vid_target="3F8FE301-7AF3-0574-FB41-996C408A0A9D">
<hideElementsInCurrentOnly>false</hideElementsInCurrentOnly>
<backgroundColor>-16777216</backgroundColor>
<lineWidth>1</lineWidth>
<points>
<point x="894" y="479"/>
<point x="775" y="580"/>
</points>
</Connector>
<Connector class="oracle.dbtools.crest.swingui.relational.TVFKRelation" oid="FBAF1B75-6C3B-D2D9-3BE0-723F7B9B5F02" otype="FKIndexAssociation" vid_source="9629B765-0978-C99F-F332-449F0A138F35" vid_target="ADBD7951-7149-BCB5-2486-E37F6F905921">
<hideElementsInCurrentOnly>false</hideElementsInCurrentOnly>
<backgroundColor>-16777216</backgroundColor>
<lineWidth>1</lineWidth>
<points>
<point x="995" y="930"/>
<point x="995" y="870"/>
</points>
</Connector>
</connectors>
</Diagram>