<?xml version = '1.0' encoding = 'UTF-8'?>
<relationalModel class="oracle.dbtools.crest.model.design.relational.RelationalDesign" name="Relational_1" id="DD950E23-0099-9496-CB8B-38FAC8E873FC" mainViewID="4E4C32CD-17E0-31E3-B67A-056DCDB2E9F2">
<createdBy>Dxtro</createdBy>
<createdTime>2025-09-15 23:16:15 UTC</createdTime>
<ownerDesignName>Clinica_Diego_Ignacio_grupo22</ownerDesignName>
<shouldBeOpen>false</shouldBeOpen>
<selectedRDBMSSite>32076570-2523-435C-2E92-BF29817DFF70</selectedRDBMSSite>
</relationalModel>