<?xml version = '1.0' encoding = 'UTF-8'?>
<SequenceOraclev10g class="oracle.dbtools.crest.model.design.storage.oracle.v10g.SequenceOraclev10g" name="region_seq" directorySegmentName="seg_0" id="F31C3194-38CE-4BB1-9EF8-88B7175BE203">
<sourceDDLFile>CristaleriaAndina_S9.sql</sourceDDLFile>
<createdBy>Dxtro</createdBy>
<createdTime>2025-10-12 21:58:09 UTC</createdTime>
<ownerDesignName>CristaleriaAndina</ownerDesignName>
<incrementBy>1</incrementBy>
<noCache>YES</noCache>
<startWith>21</startWith>
</SequenceOraclev10g>