<?xml version = '1.0' encoding = 'UTF-8'?>
<Entity class="oracle.dbtools.crest.model.design.logical.Entity" directorySegmentName="seg_0" id="B6CA7E20-5AAC-DCE5-4B10-7B28BD8A7E05" name="VUELO">
<createdBy>Dxtro</createdBy>
<createdTime>2025-08-19 00:41:37 UTC</createdTime>
<ownerDesignName>Modelo_Avion</ownerDesignName>
<engineerTo>
<item key="36092E9D-1244-8A09-E211-60A134ACCD02" value="true"/>
</engineerTo>
<adequatelyNormalized>NO</adequatelyNormalized>
<expectedVolumes>0</expectedVolumes>
<fwdEngineeringStrategyName>Single Table</fwdEngineeringStrategyName>
<growthPercent>0</growthPercent>
<growthType>Year</growthType>
<maxVolumes>9999999</maxVolumes>
<minVolumes>0</minVolumes>
<normalForm>Third</normalForm>
<attributes itemClass="oracle.dbtools.crest.model.design.logical.Attribute">
<Attribute name="id_numero_vuelo" id="F5C44434-13AE-8A34-4998-DAB32A32F512">
<createdBy>Dxtro</createdBy>
<createdTime>2025-08-19 00:53:18 UTC</createdTime>
<ownerDesignName>Modelo_Avion</ownerDesignName>
<engineerTo>
<item key="36092E9D-1244-8A09-E211-60A134ACCD02" value="true"/>
</engineerTo>
<useDomainConstraints>false</useDomainConstraints>
<use>1</use>
<logicalDatatype>LOGDT024</logicalDatatype>
<dataTypeSize>10</dataTypeSize>
<ownDataTypeParameters>10,,</ownDataTypeParameters>
</Attribute>
<Attribute name="fecha_despegue" id="6000F5E2-B1F1-EA79-EAE5-1D899856F547">
<createdBy>Dxtro</createdBy>
<createdTime>2025-08-19 00:53:42 UTC</createdTime>
<ownerDesignName>Modelo_Avion</ownerDesignName>
<engineerTo>
<item key="36092E9D-1244-8A09-E211-60A134ACCD02" value="true"/>
</engineerTo>
<useDomainConstraints>false</useDomainConstraints>
<use>1</use>
<logicalDatatype>LOGDT007</logicalDatatype>
<ownDataTypeParameters>,,</ownDataTypeParameters>
</Attribute>
<Attribute name="fecha_llegada" id="6D368DB2-1288-06C9-4DA9-0F2AC96DB479">
<createdBy>Dxtro</createdBy>
<createdTime>2025-08-19 00:54:35 UTC</createdTime>
<ownerDesignName>Modelo_Avion</ownerDesignName>
<engineerTo>
<item key="36092E9D-1244-8A09-E211-60A134ACCD02" value="true"/>
</engineerTo>
<useDomainConstraints>false</useDomainConstraints>
<use>1</use>
<logicalDatatype>LOGDT007</logicalDatatype>
<ownDataTypeParameters>,,</ownDataTypeParameters>
</Attribute>
<Attribute name="hora_salida" id="3A714CDC-11F8-2295-AAE9-BC892560C98B">
<createdBy>Dxtro</createdBy>
<createdTime>2025-08-19 00:54:46 UTC</createdTime>
<ownerDesignName>Modelo_Avion</ownerDesignName>
<engineerTo>
<item key="36092E9D-1244-8A09-E211-60A134ACCD02" value="true"/>
</engineerTo>
<useDomainConstraints>false</useDomainConstraints>
<use>1</use>
<logicalDatatype>LOGDT025</logicalDatatype>
<dataTypeSize>5</dataTypeSize>
<ownDataTypeParameters>5,,</ownDataTypeParameters>
</Attribute>
</attributes>
<identifiers itemClass="oracle.dbtools.crest.model.design.logical.CandidateKey">
<identifier id="EF0B1B83-E090-21AD-B72F-F7F48878A197" name="VUELO PK">
<createdBy>Dxtro</createdBy>
<createdTime>2025-08-19 00:53:38 UTC</createdTime>
<ownerDesignName>Modelo_Avion</ownerDesignName>
<engineerTo>
<item key="36092E9D-1244-8A09-E211-60A134ACCD02" value="true"/>
</engineerTo>
<pk>true</pk>
<usedAttributes>
<attributeRef>F5C44434-13AE-8A34-4998-DAB32A32F512</attributeRef>
</usedAttributes>
</identifier>
</identifiers>
</Entity>