<?xml version = '1.0' encoding = 'UTF-8'?>
<Entity class="oracle.dbtools.crest.model.design.logical.Entity" directorySegmentName="seg_0" id="CCB7CB55-6F10-A2CD-5C45-87B41231AEB5" name="EMPLEADO">
<createdBy>Dxtro</createdBy>
<createdTime>2025-08-19 00:41:24 UTC</createdTime>
<ownerDesignName>Modelo_Avion</ownerDesignName>
<engineerTo>
<item key="36092E9D-1244-8A09-E211-60A134ACCD02" value="true"/>
</engineerTo>
<adequatelyNormalized>NO</adequatelyNormalized>
<expectedVolumes>0</expectedVolumes>
<fwdEngineeringStrategyName>Single Table</fwdEngineeringStrategyName>
<growthPercent>0</growthPercent>
<growthType>Year</growthType>
<maxVolumes>9999999</maxVolumes>
<minVolumes>0</minVolumes>
<normalForm>Third</normalForm>
<attributes itemClass="oracle.dbtools.crest.model.design.logical.Attribute">
<Attribute name="id_rut" id="C922B47E-BA0F-DC2D-5875-24EE457D3414">
<createdBy>Dxtro</createdBy>
<createdTime>2025-08-19 00:50:28 UTC</createdTime>
<ownerDesignName>Modelo_Avion</ownerDesignName>
<engineerTo>
<item key="36092E9D-1244-8A09-E211-60A134ACCD02" value="true"/>
</engineerTo>
<useDomainConstraints>false</useDomainConstraints>
<use>1</use>
<logicalDatatype>LOGDT024</logicalDatatype>
<dataTypeSize>12</dataTypeSize>
<ownDataTypeParameters>12,,</ownDataTypeParameters>
</Attribute>
<Attribute name="nombre_completo" id="658D0BF3-5D5B-211C-7DDF-8A85EBF85734">
<createdBy>Dxtro</createdBy>
<createdTime>2025-08-19 00:51:15 UTC</createdTime>
<ownerDesignName>Modelo_Avion</ownerDesignName>
<engineerTo>
<item key="36092E9D-1244-8A09-E211-60A134ACCD02" value="true"/>
</engineerTo>
<useDomainConstraints>false</useDomainConstraints>
<use>1</use>
<logicalDatatype>LOGDT024</logicalDatatype>
<dataTypeSize>100</dataTypeSize>
<ownDataTypeParameters>100,,</ownDataTypeParameters>
</Attribute>
<Attribute name="direccion" id="A480592C-5F30-46F9-A55E-37A2947B0FD2">
<createdBy>Dxtro</createdBy>
<createdTime>2025-08-19 00:51:30 UTC</createdTime>
<ownerDesignName>Modelo_Avion</ownerDesignName>
<engineerTo>
<item key="36092E9D-1244-8A09-E211-60A134ACCD02" value="true"/>
</engineerTo>
<useDomainConstraints>false</useDomainConstraints>
<use>1</use>
<logicalDatatype>LOGDT024</logicalDatatype>
<dataTypeSize>100</dataTypeSize>
<ownDataTypeParameters>100,,</ownDataTypeParameters>
</Attribute>
<Attribute name="sueldo_base" id="02517C6B-F0E8-FB1D-7E66-A014A3490538">
<createdBy>Dxtro</createdBy>
<createdTime>2025-08-19 00:51:40 UTC</createdTime>
<ownerDesignName>Modelo_Avion</ownerDesignName>
<engineerTo>
<item key="36092E9D-1244-8A09-E211-60A134ACCD02" value="true"/>
</engineerTo>
<useDomainConstraints>false</useDomainConstraints>
<use>1</use>
<logicalDatatype>LOGDT019</logicalDatatype>
<dataTypePrecision>10</dataTypePrecision>
<dataTypeScale>2</dataTypeScale>
<ownDataTypeParameters>,10,2</ownDataTypeParameters>
</Attribute>
<Attribute name="fecha_ingreso" id="A21C09D3-9AAD-40B9-5512-DD78594D2978">
<createdBy>Dxtro</createdBy>
<createdTime>2025-08-19 00:51:53 UTC</createdTime>
<ownerDesignName>Modelo_Avion</ownerDesignName>
<engineerTo>
<item key="36092E9D-1244-8A09-E211-60A134ACCD02" value="true"/>
</engineerTo>
<useDomainConstraints>false</useDomainConstraints>
<use>1</use>
<logicalDatatype>LOGDT007</logicalDatatype>
<ownDataTypeParameters>,,</ownDataTypeParameters>
</Attribute>
<Attribute name="genero" id="3A672403-E321-8839-D11F-BCF13D420634">
<createdBy>Dxtro</createdBy>
<createdTime>2025-08-19 00:52:08 UTC</createdTime>
<ownerDesignName>Modelo_Avion</ownerDesignName>
<engineerTo>
<item key="36092E9D-1244-8A09-E211-60A134ACCD02" value="true"/>
</engineerTo>
<useDomainConstraints>false</useDomainConstraints>
<use>1</use>
<logicalDatatype>LOGDT024</logicalDatatype>
<dataTypeSize>10</dataTypeSize>
<ownDataTypeParameters>10,,</ownDataTypeParameters>
</Attribute>
<Attribute name="movil" id="EB3DDEE4-951C-6BFA-65E7-BB9A2546C07A">
<createdBy>Dxtro</createdBy>
<createdTime>2025-08-19 00:52:24 UTC</createdTime>
<ownerDesignName>Modelo_Avion</ownerDesignName>
<engineerTo>
<item key="36092E9D-1244-8A09-E211-60A134ACCD02" value="true"/>
</engineerTo>
<useDomainConstraints>false</useDomainConstraints>
<use>1</use>
<logicalDatatype>LOGDT024</logicalDatatype>
<dataTypeSize>20</dataTypeSize>
<ownDataTypeParameters>20,,</ownDataTypeParameters>
</Attribute>
<Attribute name="telefono_contacto" id="64770259-E40A-6EBB-CF41-6C619552DBC8">
<createdBy>Dxtro</createdBy>
<createdTime>2025-08-19 00:52:38 UTC</createdTime>
<ownerDesignName>Modelo_Avion</ownerDesignName>
<engineerTo>
<item key="36092E9D-1244-8A09-E211-60A134ACCD02" value="true"/>
</engineerTo>
<nullsAllowed>true</nullsAllowed>
<useDomainConstraints>false</useDomainConstraints>
<use>1</use>
<logicalDatatype>LOGDT024</logicalDatatype>
<dataTypeSize>20</dataTypeSize>
<ownDataTypeParameters>20,,</ownDataTypeParameters>
</Attribute>
</attributes>
<identifiers itemClass="oracle.dbtools.crest.model.design.logical.CandidateKey">
<identifier id="699383F8-AE08-7142-E9A6-24DC8D48C6E4" name="EMPLEADO PK">
<createdBy>Dxtro</createdBy>
<createdTime>2025-08-19 00:50:43 UTC</createdTime>
<ownerDesignName>Modelo_Avion</ownerDesignName>
<engineerTo>
<item key="36092E9D-1244-8A09-E211-60A134ACCD02" value="true"/>
</engineerTo>
<pk>true</pk>
<usedAttributes>
<attributeRef>C922B47E-BA0F-DC2D-5875-24EE457D3414</attributeRef>
</usedAttributes>
</identifier>
</identifiers>
</Entity>