<?xml version = '1.0' encoding = 'UTF-8'?>
<Entity class="oracle.dbtools.crest.model.design.logical.Entity" directorySegmentName="seg_0" id="EE9D444F-AE0F-7618-73F1-256D059C56F6" name="RESERVA">
<createdBy>Dxtro</createdBy>
<createdTime>2025-08-19 00:41:48 UTC</createdTime>
<ownerDesignName>Modelo_Avion</ownerDesignName>
<engineerTo>
<item key="36092E9D-1244-8A09-E211-60A134ACCD02" value="true"/>
</engineerTo>
<adequatelyNormalized>NO</adequatelyNormalized>
<expectedVolumes>0</expectedVolumes>
<fwdEngineeringStrategyName>Single Table</fwdEngineeringStrategyName>
<growthPercent>0</growthPercent>
<growthType>Year</growthType>
<maxVolumes>9999999</maxVolumes>
<minVolumes>0</minVolumes>
<normalForm>Third</normalForm>
<attributes itemClass="oracle.dbtools.crest.model.design.logical.Attribute">
<Attribute name="id_numero_reserva" id="79AD8C43-1438-A003-8819-54FE63FF4D9C">
<createdBy>Dxtro</createdBy>
<createdTime>2025-08-19 00:55:06 UTC</createdTime>
<ownerDesignName>Modelo_Avion</ownerDesignName>
<engineerTo>
<item key="36092E9D-1244-8A09-E211-60A134ACCD02" value="true"/>
</engineerTo>
<useDomainConstraints>false</useDomainConstraints>
<use>1</use>
<logicalDatatype>LOGDT024</logicalDatatype>
<dataTypeSize>12</dataTypeSize>
<ownDataTypeParameters>12,,</ownDataTypeParameters>
</Attribute>
<Attribute name="fecha_reserva" id="06A8391F-9BF4-8ACF-2B45-09ABC1AF7784">
<createdBy>Dxtro</createdBy>
<createdTime>2025-08-19 00:55:20 UTC</createdTime>
<ownerDesignName>Modelo_Avion</ownerDesignName>
<engineerTo>
<item key="36092E9D-1244-8A09-E211-60A134ACCD02" value="true"/>
</engineerTo>
<useDomainConstraints>false</useDomainConstraints>
<use>1</use>
<logicalDatatype>LOGDT007</logicalDatatype>
<ownDataTypeParameters>,,</ownDataTypeParameters>
</Attribute>
<Attribute name="fecha_viaje" id="ED0CD804-6BF6-E1DB-5FD5-1080B21110A3">
<createdBy>Dxtro</createdBy>
<createdTime>2025-08-19 00:55:29 UTC</createdTime>
<ownerDesignName>Modelo_Avion</ownerDesignName>
<engineerTo>
<item key="36092E9D-1244-8A09-E211-60A134ACCD02" value="true"/>
</engineerTo>
<useDomainConstraints>false</useDomainConstraints>
<use>1</use>
<logicalDatatype>LOGDT007</logicalDatatype>
<ownDataTypeParameters>,,</ownDataTypeParameters>
</Attribute>
<Attribute name="estado" id="B826ECF7-EB23-2551-0D24-58C986C71FCE">
<createdBy>Dxtro</createdBy>
<createdTime>2025-08-19 00:55:40 UTC</createdTime>
<ownerDesignName>Modelo_Avion</ownerDesignName>
<engineerTo>
<item key="36092E9D-1244-8A09-E211-60A134ACCD02" value="true"/>
</engineerTo>
<useDomainConstraints>false</useDomainConstraints>
<use>1</use>
<logicalDatatype>LOGDT024</logicalDatatype>
<dataTypeSize>12</dataTypeSize>
<ownDataTypeParameters>12,,</ownDataTypeParameters>
</Attribute>
<Attribute name="id_documento" id="E4F75555-8673-A320-487E-E1B61007924E">
<createdBy>Dxtro</createdBy>
<createdTime>2025-08-19 01:12:15 UTC</createdTime>
<generatorID>B7AF36B0-E09B-A1A6-0438-5D2EC71DC95F</generatorID>
<ownerDesignName>Modelo_Avion</ownerDesignName>
<engineerTo>
<item key="36092E9D-1244-8A09-E211-60A134ACCD02" value="true"/>
</engineerTo>
<referedAttribute>4CC12591-20ED-3E95-431D-1EC4D85F3F4B</referedAttribute>
<useDomainConstraints>false</useDomainConstraints>
<use>1</use>
<logicalDatatype>LOGDT024</logicalDatatype>
<dataTypeSize>20</dataTypeSize>
<ownDataTypeParameters>,,</ownDataTypeParameters>
</Attribute>
<Attribute name="id_rut" id="35AC8499-288C-346D-5E32-AAA70BC2A873">
<createdBy>Dxtro</createdBy>
<createdTime>2025-08-19 01:23:28 UTC</createdTime>
<generatorID>0D74B1BD-3C8E-322D-C9FC-32C55CD63484</generatorID>
<ownerDesignName>Modelo_Avion</ownerDesignName>
<engineerTo>
<item key="36092E9D-1244-8A09-E211-60A134ACCD02" value="true"/>
</engineerTo>
<referedAttribute>C922B47E-BA0F-DC2D-5875-24EE457D3414</referedAttribute>
<useDomainConstraints>false</useDomainConstraints>
<use>1</use>
<logicalDatatype>LOGDT024</logicalDatatype>
<dataTypeSize>12</dataTypeSize>
<ownDataTypeParameters>,,</ownDataTypeParameters>
</Attribute>
<Attribute name="id_numero_vuelo" id="CE2CC52C-C32B-B5A9-88C1-AB104B03EF9B">
<createdBy>Dxtro</createdBy>
<createdTime>2025-08-19 01:25:42 UTC</createdTime>
<generatorID>E6546D89-1D81-B9A4-4AA0-C27141BA89B0</generatorID>
<ownerDesignName>Modelo_Avion</ownerDesignName>
<engineerTo>
<item key="36092E9D-1244-8A09-E211-60A134ACCD02" value="true"/>
</engineerTo>
<referedAttribute>F5C44434-13AE-8A34-4998-DAB32A32F512</referedAttribute>
<useDomainConstraints>false</useDomainConstraints>
<use>1</use>
<logicalDatatype>LOGDT024</logicalDatatype>
<dataTypeSize>10</dataTypeSize>
<ownDataTypeParameters>,,</ownDataTypeParameters>
</Attribute>
</attributes>
<identifiers itemClass="oracle.dbtools.crest.model.design.logical.CandidateKey">
<identifier id="8CD3AC96-05C4-8397-B68F-09CFA1389FEE" name="RESERVA PK">
<createdBy>Dxtro</createdBy>
<createdTime>2025-08-19 00:55:18 UTC</createdTime>
<ownerDesignName>Modelo_Avion</ownerDesignName>
<engineerTo>
<item key="36092E9D-1244-8A09-E211-60A134ACCD02" value="true"/>
</engineerTo>
<pk>true</pk>
<usedAttributes>
<attributeRef>79AD8C43-1438-A003-8819-54FE63FF4D9C</attributeRef>
</usedAttributes>
</identifier>
</identifiers>
</Entity>