<?xml version = '1.0' encoding = 'UTF-8'?>
<Diagram class="oracle.dbtools.crest.swingui.logical.DPVLogical" name="Logical" id="A623C817-E665-FC96-BB7F-8DF91AAAA77D">
<createdBy>Dxtro</createdBy>
<modifiedBy>Dxtro</modifiedBy>
<createdTime>2025-10-12 21:58:30 UTC</createdTime>
<autoRoute>false</autoRoute>
<boxInbox>false</boxInbox>
<showLegend>false</showLegend>
<showLabels>false</showLabels>
<showRelAttributes>false</showRelAttributes>
<gridEnabled>false</gridEnabled>
<showGrid>false</showGrid>
<diagramColor>-1</diagramColor>
<display>false</display>
<notation>1</notation>
<objectViews>
<OView class="oracle.dbtools.crest.swingui.logical.TVEntity" oid="0A9B8409-D704-2000-DFD3-7583672769E3" otype="Entity" vid="6A12A69A-A29F-85E8-3E1C-90AA023E133F">
<hideElementsInCurrentOnly>false</hideElementsInCurrentOnly>
<bounds x="1202" y="352" width="187" height="88"/>
</OView>
<OView class="oracle.dbtools.crest.swingui.logical.TVEntity" oid="3A4696B3-36D9-D108-FE7B-C1782391BF69" otype="Entity" vid="311DEEB8-BFA7-81A5-07AC-9074DF62C037">
<hideElementsInCurrentOnly>false</hideElementsInCurrentOnly>
<bounds x="317" y="580" width="213" height="122"/>
</OView>
<OView class="oracle.dbtools.crest.swingui.logical.TVEntity" oid="4BCBC640-A425-4AEE-211D-93FFA9DD090D" otype="Entity" vid="D1E982CE-6E6F-1097-25AA-8CCCF5547CFB">
<hideElementsInCurrentOnly>false</hideElementsInCurrentOnly>
<bounds x="1193" y="482" width="196" height="164"/>
</OView>
<OView class="oracle.dbtools.crest.swingui.logical.TVEntity" oid="50620E82-176F-9E22-6F79-6F8F553F668A" otype="Entity" vid="A0DF0EB9-B946-C12C-C6D9-0BDF8F9AC197">
<hideElementsInCurrentOnly>false</hideElementsInCurrentOnly>
<bounds x="896" y="762" width="207" height="108"/>
</OView>
<OView class="oracle.dbtools.crest.swingui.logical.TVEntity" oid="5DBC1D9C-699D-2826-1FAC-DF7D75F9EFA3" otype="Entity" vid="0B399BDB-C9DE-C6D5-F052-C69031BC7BE7">
<hideElementsInCurrentOnly>false</hideElementsInCurrentOnly>
<bounds x="1182" y="20" width="198" height="116"/>
</OView>
<OView class="oracle.dbtools.crest.swingui.logical.TVEntity" oid="74319D02-FE4B-B316-1A1B-A28395CB823E" otype="Entity" vid="2A65375B-4110-012B-014A-FFD7C7C15B0E">
<hideElementsInCurrentOnly>false</hideElementsInCurrentOnly>
<bounds x="1202" y="244" width="177" height="88"/>
</OView>
<OView class="oracle.dbtools.crest.swingui.logical.TVEntity" oid="7D58F453-7095-3027-9EF5-6EB856FF61AC" otype="Entity" vid="1C4CF2F5-BB7F-2AF3-E2B7-0C29DC548B56">
<hideElementsInCurrentOnly>false</hideElementsInCurrentOnly>
<bounds x="1470" y="482" width="215" height="88"/>
</OView>
<OView class="oracle.dbtools.crest.swingui.logical.TVEntity" oid="8097D0D7-E0CC-AF31-997A-2A8FF5A38F35" otype="Entity" vid="B1C32520-7ED7-44AD-8A1D-EFA099A34BD5">
<hideElementsInCurrentOnly>false</hideElementsInCurrentOnly>
<bounds x="1469" y="244" width="263" height="178"/>
</OView>
<OView class="oracle.dbtools.crest.swingui.logical.TVEntity" oid="8DA4B5BE-3686-D954-B111-D36D1485599E" otype="Entity" vid="995BC8CF-D1A4-A3B3-5062-003257E8D938">
<hideElementsInCurrentOnly>false</hideElementsInCurrentOnly>
<bounds x="896" y="930" width="198" height="88"/>
</OView>
<OView class="oracle.dbtools.crest.swingui.logical.TVEntity" oid="8E54B4E1-171E-E5CC-841F-4DD48B2E3292" otype="Entity" vid="87FC5796-F0AC-FA18-B9EE-809AF0DE002D">
<hideElementsInCurrentOnly>false</hideElementsInCurrentOnly>
<bounds x="895" y="580" width="198" height="122"/>
</OView>
<OView class="oracle.dbtools.crest.swingui.logical.TVEntity" oid="B9530072-AFBB-7308-66E2-8A455DD8C178" otype="Entity" vid="39C1BD2F-9B11-9D82-D0BE-15E0EB790337">
<hideElementsInCurrentOnly>false</hideElementsInCurrentOnly>
<bounds x="894" y="244" width="228" height="276"/>
</OView>
<OView class="oracle.dbtools.crest.swingui.logical.TVEntity" oid="C18C325F-8E27-8E8E-984D-E67A40BCE11A" otype="Entity" vid="2C1453FD-5AB8-ED53-B7FA-FCA478B36B3F">
<hideElementsInCurrentOnly>false</hideElementsInCurrentOnly>
<bounds x="20" y="580" width="217" height="122"/>
</OView>
<OView class="oracle.dbtools.crest.swingui.logical.TVEntity" oid="C5FE678F-748F-9088-459D-F8B13F1C87E2" otype="Entity" vid="FE493F2C-E656-C628-9C1F-0BB771E7FF6B">
<hideElementsInCurrentOnly>false</hideElementsInCurrentOnly>
<bounds x="894" y="20" width="208" height="164"/>
</OView>
<OView class="oracle.dbtools.crest.swingui.logical.TVEntity" oid="EC4D030E-8394-B0AC-B7F0-4435C3BFC7FF" otype="Entity" vid="64DC2C0A-548B-AD2F-1022-00BABA840929">
<hideElementsInCurrentOnly>false</hideElementsInCurrentOnly>
<bounds x="610" y="580" width="204" height="108"/>
</OView>
</objectViews>
<connectors>
<Connector class="oracle.dbtools.crest.swingui.logical.TVRelation" oid="1D9B6AAE-D3C2-7ACD-9F9C-5D6719432A7C" otype="Relation" vid_source="A0DF0EB9-B946-C12C-C6D9-0BDF8F9AC197" vid_target="87FC5796-F0AC-FA18-B9EE-809AF0DE002D">
<hideElementsInCurrentOnly>false</hideElementsInCurrentOnly>
<backgroundColor>-16777216</backgroundColor>
<lineWidth>1</lineWidth>
<points>
<point x="994" y="762"/>
<point x="994" y="702"/>
</points>
</Connector>
<Connector class="oracle.dbtools.crest.swingui.logical.TVRelation" oid="2AB1EE85-A354-0ACA-17DC-781333F76F14" otype="Relation" vid_source="39C1BD2F-9B11-9D82-D0BE-15E0EB790337" vid_target="2C1453FD-5AB8-ED53-B7FA-FCA478B36B3F">
<hideElementsInCurrentOnly>false</hideElementsInCurrentOnly>
<backgroundColor>-16777216</backgroundColor>
<lineWidth>1</lineWidth>
<points>
<point x="894" y="415"/>
<point x="237" y="639"/>
</points>
</Connector>
<Connector class="oracle.dbtools.crest.swingui.logical.TVRelation" oid="307C9CEA-4361-FD4E-C844-5C9C5DC0D63F" otype="Relation" vid_source="87FC5796-F0AC-FA18-B9EE-809AF0DE002D" vid_target="39C1BD2F-9B11-9D82-D0BE-15E0EB790337">
<hideElementsInCurrentOnly>false</hideElementsInCurrentOnly>
<backgroundColor>-16777216</backgroundColor>
<lineWidth>1</lineWidth>
<points>
<point x="1009" y="580"/>
<point x="1009" y="520"/>
</points>
</Connector>
<Connector class="oracle.dbtools.crest.swingui.logical.TVRelation" oid="357292BF-3104-6C14-7AF8-E867D37B920A" otype="Relation" vid_source="2C1453FD-5AB8-ED53-B7FA-FCA478B36B3F" vid_target="D1E982CE-6E6F-1097-25AA-8CCCF5547CFB">
<hideElementsInCurrentOnly>false</hideElementsInCurrentOnly>
<backgroundColor>-16777216</backgroundColor>
<lineWidth>1</lineWidth>
<points>
<point x="237" y="613"/>
<point x="1193" y="613"/>
</points>
</Connector>
<Connector class="oracle.dbtools.crest.swingui.logical.TVRelation" oid="437F9337-DBF8-8754-A196-B3BA1DECE17B" otype="Relation" vid_source="39C1BD2F-9B11-9D82-D0BE-15E0EB790337" vid_target="FE493F2C-E656-C628-9C1F-0BB771E7FF6B">
<hideElementsInCurrentOnly>false</hideElementsInCurrentOnly>
<backgroundColor>-16777216</backgroundColor>
<lineWidth>1</lineWidth>
<points>
<point x="998" y="244"/>
<point x="998" y="184"/>
</points>
</Connector>
<Connector class="oracle.dbtools.crest.swingui.logical.TVRelation" oid="5FB198D3-EB8D-4310-EF15-705CA037D38E" otype="Relation" vid_source="39C1BD2F-9B11-9D82-D0BE-15E0EB790337" vid_target="64DC2C0A-548B-AD2F-1022-00BABA840929">
<hideElementsInCurrentOnly>false</hideElementsInCurrentOnly>
<backgroundColor>-16777216</backgroundColor>
<lineWidth>1</lineWidth>
<points>
<point x="894" y="479"/>
<point x="760" y="580"/>
</points>
</Connector>
<Connector class="oracle.dbtools.crest.swingui.logical.TVRelation" oid="791CEA12-1A4A-1901-DA88-D3462D6A1C03" otype="Relation" vid_source="87FC5796-F0AC-FA18-B9EE-809AF0DE002D" vid_target="B1C32520-7ED7-44AD-8A1D-EFA099A34BD5">
<hideElementsInCurrentOnly>false</hideElementsInCurrentOnly>
<backgroundColor>-16777216</backgroundColor>
<lineWidth>1</lineWidth>
<points>
<point x="1093" y="590"/>
<point x="1469" y="399"/>
</points>
</Connector>
<Connector class="oracle.dbtools.crest.swingui.logical.TVRelation" oid="7BB21C80-A0F7-8965-7E9A-E3BCBD745EE5" otype="Relation" vid_source="B1C32520-7ED7-44AD-8A1D-EFA099A34BD5" vid_target="D1E982CE-6E6F-1097-25AA-8CCCF5547CFB">
<hideElementsInCurrentOnly>false</hideElementsInCurrentOnly>
<backgroundColor>-16777216</backgroundColor>
<lineWidth>1</lineWidth>
<points>
<point x="1481" y="422"/>
<point x="1374" y="482"/>
</points>
</Connector>
<Connector class="oracle.dbtools.crest.swingui.logical.TVRelation" oid="7EC10DAF-6B69-A16A-8314-F7B6329037C1" otype="Relation" vid_source="B1C32520-7ED7-44AD-8A1D-EFA099A34BD5" vid_target="FE493F2C-E656-C628-9C1F-0BB771E7FF6B">
<hideElementsInCurrentOnly>false</hideElementsInCurrentOnly>
<backgroundColor>-16777216</backgroundColor>
<lineWidth>1</lineWidth>
<points>
<point x="1469" y="282"/>
<point x="1102" y="141"/>
</points>
</Connector>
<Connector class="oracle.dbtools.crest.swingui.logical.TVRelation" oid="87D1661E-56EC-7231-4119-249ED3970CB8" otype="Relation" vid_source="2A65375B-4110-012B-014A-FFD7C7C15B0E" vid_target="39C1BD2F-9B11-9D82-D0BE-15E0EB790337">
<hideElementsInCurrentOnly>false</hideElementsInCurrentOnly>
<backgroundColor>-16777216</backgroundColor>
<lineWidth>1</lineWidth>
<points>
<point x="1202" y="288"/>
<point x="1122" y="288"/>
</points>
</Connector>
<Connector class="oracle.dbtools.crest.swingui.logical.TVRelation" oid="8E9E51BA-82E9-3CCA-BB0F-AF4F719F6868" otype="Relation" vid_source="39C1BD2F-9B11-9D82-D0BE-15E0EB790337" vid_target="39C1BD2F-9B11-9D82-D0BE-15E0EB790337">
<hideElementsInCurrentOnly>false</hideElementsInCurrentOnly>
<backgroundColor>-16777216</backgroundColor>
<lineWidth>1</lineWidth>
<points>
<point x="1122" y="406"/>
<point x="1172" y="406"/>
<point x="1172" y="570"/>
<point x="1028" y="570"/>
<point x="1028" y="520"/>
</points>
</Connector>
<Connector class="oracle.dbtools.crest.swingui.logical.TVRelation" oid="9D52B4A4-E481-AA14-163E-D582AECB3A0D" otype="Relation" vid_source="995BC8CF-D1A4-A3B3-5062-003257E8D938" vid_target="A0DF0EB9-B946-C12C-C6D9-0BDF8F9AC197">
<hideElementsInCurrentOnly>false</hideElementsInCurrentOnly>
<backgroundColor>-16777216</backgroundColor>
<lineWidth>1</lineWidth>
<points>
<point x="995" y="930"/>
<point x="995" y="870"/>
</points>
</Connector>
<Connector class="oracle.dbtools.crest.swingui.logical.TVRelation" oid="C29C5853-E9F8-7D73-F502-C948F1B9435E" otype="Relation" vid_source="39C1BD2F-9B11-9D82-D0BE-15E0EB790337" vid_target="311DEEB8-BFA7-81A5-07AC-9074DF62C037">
<hideElementsInCurrentOnly>false</hideElementsInCurrentOnly>
<backgroundColor>-16777216</backgroundColor>
<lineWidth>1</lineWidth>
<points>
<point x="894" y="432"/>
<point x="515" y="580"/>
</points>
</Connector>
<Connector class="oracle.dbtools.crest.swingui.logical.TVRelation" oid="CDF3D650-8092-3260-C780-CE963A0E35ED" otype="Relation" vid_source="6A12A69A-A29F-85E8-3E1C-90AA023E133F" vid_target="39C1BD2F-9B11-9D82-D0BE-15E0EB790337">
<hideElementsInCurrentOnly>false</hideElementsInCurrentOnly>
<backgroundColor>-16777216</backgroundColor>
<lineWidth>1</lineWidth>
<points>
<point x="1202" y="396"/>
<point x="1122" y="396"/>
</points>
</Connector>
<Connector class="oracle.dbtools.crest.swingui.logical.TVRelation" oid="F6185757-D437-A96C-4820-22A5657919F3" otype="Relation" vid_source="1C4CF2F5-BB7F-2AF3-E2B7-0C29DC548B56" vid_target="B1C32520-7ED7-44AD-8A1D-EFA099A34BD5">
<hideElementsInCurrentOnly>false</hideElementsInCurrentOnly>
<backgroundColor>-16777216</backgroundColor>
<lineWidth>1</lineWidth>
<points>
<point x="1577" y="482"/>
<point x="1577" y="422"/>
</points>
</Connector>
<Connector class="oracle.dbtools.crest.swingui.logical.TVRelation" oid="FDFE99A4-5C3B-59D9-C32F-9DE3B7EED4C0" otype="Relation" vid_source="0B399BDB-C9DE-C6D5-F052-C69031BC7BE7" vid_target="FE493F2C-E656-C628-9C1F-0BB771E7FF6B">
<hideElementsInCurrentOnly>false</hideElementsInCurrentOnly>
<backgroundColor>-16777216</backgroundColor>
<lineWidth>1</lineWidth>
<points>
<point x="1182" y="78"/>
<point x="1102" y="78"/>
</points>
</Connector>
</connectors>
</Diagram>