<?xml version = '1.0' encoding = 'UTF-8'?>
<Diagram class="oracle.dbtools.crest.swingui.relational.DPVRelational" name="Relational_1" id="5C0F66E9-5EBA-BB40-3CEA-87251296F606">
<createdBy>Dxtro</createdBy>
<modifiedBy>Dxtro</modifiedBy>
<createdTime>2025-08-19 01:54:18 UTC</createdTime>
<autoRoute>false</autoRoute>
<boxInbox>true</boxInbox>
<showLegend>false</showLegend>
<showLabels>false</showLabels>
<showRelAttributes>false</showRelAttributes>
<gridEnabled>false</gridEnabled>
<showGrid>false</showGrid>
<diagramColor>-1</diagramColor>
<display>false</display>
<notation>1</notation>
<hideDetailsOnZoomOut>false</hideDetailsOnZoomOut>
<objectViews>
<OView class="oracle.dbtools.crest.swingui.relational.TVTable" oid="0EDF39FF-6C32-9A42-24E2-10E76434BB12" otype="Table" vid="ED53531C-858A-3E1A-1636-DF04482B2A9A">
<hideElementsInCurrentOnly>false</hideElementsInCurrentOnly>
<bounds x="63" y="607" width="233" height="110"/>
</OView>
<OView class="oracle.dbtools.crest.swingui.relational.TVTable" oid="8AB55945-AF1B-2CEB-CE05-6BAC48EB3264" otype="Table" vid="A408AC95-86DF-E3DF-36F9-218070FF1D46">
<hideElementsInCurrentOnly>false</hideElementsInCurrentOnly>
<bounds x="422" y="383" width="317" height="209"/>
</OView>
<OView class="oracle.dbtools.crest.swingui.relational.TVTable" oid="9673FB1A-AD97-FD9E-1E79-55BFD5B4E620" otype="Table" vid="4CC1EFB9-8C57-82D3-E864-A6E571E3806F">
<hideElementsInCurrentOnly>false</hideElementsInCurrentOnly>
<bounds x="68" y="218" width="227" height="153"/>
</OView>
<OView class="oracle.dbtools.crest.swingui.relational.TVTable" oid="B5E037E5-AAFA-D432-DC74-3D8B5795274C" otype="Table" vid="F58068B1-A7ED-7D1A-1BCD-EF9027480820">
<hideElementsInCurrentOnly>false</hideElementsInCurrentOnly>
<bounds x="68" y="393" width="231" height="160"/>
</OView>
</objectViews>
<connectors>
<Connector class="oracle.dbtools.crest.swingui.relational.TVFKRelation" oid="4903D5F0-0ED3-89D2-E1E9-98F356D6E56E" otype="FKIndexAssociation" vid_source="F58068B1-A7ED-7D1A-1BCD-EF9027480820" vid_target="A408AC95-86DF-E3DF-36F9-218070FF1D46">
<hideElementsInCurrentOnly>false</hideElementsInCurrentOnly>
<backgroundColor>-16777216</backgroundColor>
<lineWidth>1</lineWidth>
<points>
<point x="299" y="473"/>
<point x="422" y="473"/>
</points>
</Connector>
<Connector class="oracle.dbtools.crest.swingui.relational.TVFKRelation" oid="7FF770F0-FB0F-97BF-B725-A9AEE23DE866" otype="FKIndexAssociation" vid_source="4CC1EFB9-8C57-82D3-E864-A6E571E3806F" vid_target="A408AC95-86DF-E3DF-36F9-218070FF1D46">
<hideElementsInCurrentOnly>false</hideElementsInCurrentOnly>
<backgroundColor>-16777216</backgroundColor>
<lineWidth>1</lineWidth>
<points>
<point x="295" y="349"/>
<point x="422" y="410"/>
</points>
</Connector>
<Connector class="oracle.dbtools.crest.swingui.relational.TVFKRelation" oid="9F4D0D76-6646-A730-D03F-6D8E7EC9AE09" otype="FKIndexAssociation" vid_source="ED53531C-858A-3E1A-1636-DF04482B2A9A" vid_target="A408AC95-86DF-E3DF-36F9-218070FF1D46">
<hideElementsInCurrentOnly>false</hideElementsInCurrentOnly>
<backgroundColor>-16777216</backgroundColor>
<lineWidth>1</lineWidth>
<points>
<point x="296" y="611"/>
<point x="422" y="556"/>
</points>
</Connector>
</connectors>
</Diagram>