<?xml version = '1.0' encoding = 'UTF-8'?>
<Relation class="oracle.dbtools.crest.model.design.logical.Relation" name="Relation_9" directorySegmentName="seg_0" id="3B3E1BD5-F1B7-911B-620E-31CD0CF2553C">
<createdBy>Dxtro</createdBy>
<createdTime>2025-09-15 23:45:09 UTC</createdTime>
<ownerDesignName>Clinica_Diego_Ignacio_grupo22</ownerDesignName>
<engineerTo>
<item key="DD950E23-0099-9496-CB8B-38FAC8E873FC" value="true"/>
</engineerTo>
<sourcePk>BB02BFC2-4F59-26DA-78B7-8418C84986A5</sourcePk>
<identifying>false</identifying>
<optionalSource>true</optionalSource>
<optionalTarget>false</optionalTarget>
<sourceCardinality>1</sourceCardinality>
<sourceEntity>35B205D6-E00A-494C-37C2-5E2EBBAE23AA</sourceEntity>
<targetCardinalityString>*</targetCardinalityString>
<targetEntity>555C36C3-1585-ED9C-43E4-4194AE5888D4</targetEntity>
<transferable>true</transferable>
<deleteRule>NO ACTION</deleteRule>
</Relation>