<?xml version = '1.0' encoding = 'UTF-8'?>
<Relation class="oracle.dbtools.crest.model.design.logical.Relation" name="Relation_3" directorySegmentName="seg_0" id="5D12A1DA-7E34-DF25-26C5-0B1E301485A9">
<createdBy>Dxtro</createdBy>
<createdTime>2025-09-15 23:38:27 UTC</createdTime>
<ownerDesignName>Clinica_Diego_Ignacio_grupo22</ownerDesignName>
<engineerTo>
<item key="DD950E23-0099-9496-CB8B-38FAC8E873FC" value="true"/>
</engineerTo>
<sourcePk>BA610058-33BA-4CD0-8026-3AC50FFD7578</sourcePk>
<identifying>false</identifying>
<optionalSource>true</optionalSource>
<optionalTarget>false</optionalTarget>
<sourceCardinality>1</sourceCardinality>
<sourceEntity>C62378CD-1784-5B57-46CF-21A28503B229</sourceEntity>
<targetCardinalityString>*</targetCardinalityString>
<targetEntity>205B6AAC-3B59-49C5-A8DE-C3D55DC47CB8</targetEntity>
<transferable>true</transferable>
<deleteRule>NO ACTION</deleteRule>
</Relation>