<?xml version = '1.0' encoding = 'UTF-8'?>
<Relation class="oracle.dbtools.crest.model.design.logical.Relation" name="Relation_11" directorySegmentName="seg_0" id="62B24658-0AD2-C53F-43CD-0A39E256E7A8">
<createdBy>Dxtro</createdBy>
<createdTime>2025-09-15 23:45:38 UTC</createdTime>
<ownerDesignName>Clinica_Diego_Ignacio_grupo22</ownerDesignName>
<engineerTo>
<item key="DD950E23-0099-9496-CB8B-38FAC8E873FC" value="true"/>
</engineerTo>
<sourcePk>6B0BDC0D-AE0F-B59B-F164-CB611104EEEE</sourcePk>
<identifying>false</identifying>
<optionalSource>true</optionalSource>
<optionalTarget>false</optionalTarget>
<sourceCardinality>1</sourceCardinality>
<sourceEntity>9E9F748E-BB62-4267-8A1B-DD2FCE116AF0</sourceEntity>
<targetCardinalityString>1</targetCardinalityString>
<targetEntity>06A7FF10-2A7B-DFCA-F37F-CD5C91B4FCCD</targetEntity>
<transferable>true</transferable>
<deleteRule>NO ACTION</deleteRule>
</Relation>