<?xml version = '1.0' encoding = 'UTF-8'?>
<Relation class="oracle.dbtools.crest.model.design.logical.Relation" name="Relation_7" directorySegmentName="seg_0" id="6CC0CF5D-64CB-517B-1831-C525042AA4CF">
<createdBy>Dxtro</createdBy>
<createdTime>2025-09-15 23:39:50 UTC</createdTime>
<ownerDesignName>Clinica_Diego_Ignacio_grupo22</ownerDesignName>
<engineerTo>
<item key="DD950E23-0099-9496-CB8B-38FAC8E873FC" value="true"/>
</engineerTo>
<sourcePk>841D9FFF-1455-0A96-DC2A-B7FB80B3BC87</sourcePk>
<identifying>false</identifying>
<optionalSource>true</optionalSource>
<optionalTarget>false</optionalTarget>
<sourceCardinality>1</sourceCardinality>
<sourceEntity>DED5E589-09EC-36D5-AA43-891F17C17E3C</sourceEntity>
<targetCardinalityString>*</targetCardinalityString>
<targetEntity>35B205D6-E00A-494C-37C2-5E2EBBAE23AA</targetEntity>
<transferable>true</transferable>
<deleteRule>NO ACTION</deleteRule>
</Relation>