<?xml version = '1.0' encoding = 'UTF-8'?>
<Relation class="oracle.dbtools.crest.model.design.logical.Relation" name="Relation_4" directorySegmentName="seg_0" id="6CEB02EC-815F-267A-5684-DDE87FAAED02">
<createdBy>Dxtro</createdBy>
<createdTime>2025-09-15 23:38:44 UTC</createdTime>
<ownerDesignName>Clinica_Diego_Ignacio_grupo22</ownerDesignName>
<engineerTo>
<item key="DD950E23-0099-9496-CB8B-38FAC8E873FC" value="true"/>
</engineerTo>
<sourcePk>4C7BBC96-3B7C-9AF7-0E93-814F5177C02B</sourcePk>
<identifying>false</identifying>
<optionalSource>true</optionalSource>
<optionalTarget>false</optionalTarget>
<sourceCardinality>1</sourceCardinality>
<sourceEntity>4CE80972-A780-9B75-40C5-2FD0F2ED7C47</sourceEntity>
<targetCardinalityString>*</targetCardinalityString>
<targetEntity>205B6AAC-3B59-49C5-A8DE-C3D55DC47CB8</targetEntity>
<transferable>true</transferable>
<deleteRule>NO ACTION</deleteRule>
</Relation>