<?xml version = '1.0' encoding = 'UTF-8'?>
<Relation class="oracle.dbtools.crest.model.design.logical.Relation" name="Relation_10" directorySegmentName="seg_0" id="72001D02-6123-94D3-EB05-C5F42962CC10">
<createdBy>Dxtro</createdBy>
<createdTime>2025-09-15 23:45:18 UTC</createdTime>
<ownerDesignName>Clinica_Diego_Ignacio_grupo22</ownerDesignName>
<engineerTo>
<item key="DD950E23-0099-9496-CB8B-38FAC8E873FC" value="true"/>
</engineerTo>
<sourcePk>BA5AAD96-54E9-5AFF-720D-13A25D9D7A13</sourcePk>
<identifying>false</identifying>
<optionalSource>true</optionalSource>
<optionalTarget>false</optionalTarget>
<sourceCardinality>1</sourceCardinality>
<sourceEntity>555C36C3-1585-ED9C-43E4-4194AE5888D4</sourceEntity>
<targetCardinalityString>*</targetCardinalityString>
<targetEntity>9E9F748E-BB62-4267-8A1B-DD2FCE116AF0</targetEntity>
<transferable>true</transferable>
<deleteRule>NO ACTION</deleteRule>
</Relation>