<?xml version = '1.0' encoding = 'UTF-8'?>
<Relation class="oracle.dbtools.crest.model.design.logical.Relation" name="Relation_5" directorySegmentName="seg_0" id="75444279-8D5A-0B17-9285-2AFD81A0F8C6">
<createdBy>Dxtro</createdBy>
<createdTime>2025-09-15 23:39:01 UTC</createdTime>
<ownerDesignName>Clinica_Diego_Ignacio_grupo22</ownerDesignName>
<engineerTo>
<item key="DD950E23-0099-9496-CB8B-38FAC8E873FC" value="true"/>
</engineerTo>
<sourcePk>3DE61D96-C31E-F105-09AF-0A081AACD0B8</sourcePk>
<identifying>false</identifying>
<optionalSource>true</optionalSource>
<optionalTarget>false</optionalTarget>
<sourceCardinality>1</sourceCardinality>
<sourceEntity>ADDF418B-3E09-9292-C06A-0220E7850DC3</sourceEntity>
<targetCardinalityString>*</targetCardinalityString>
<targetEntity>205B6AAC-3B59-49C5-A8DE-C3D55DC47CB8</targetEntity>
<transferable>true</transferable>
<deleteRule>NO ACTION</deleteRule>
</Relation>