<?xml version = '1.0' encoding = 'UTF-8'?>
<Relation class="oracle.dbtools.crest.model.design.logical.Relation" name="Relation_2" directorySegmentName="seg_0" id="75C4F4F0-B67A-F0CE-07B2-13A40E22FD78">
<createdBy>Dxtro</createdBy>
<createdTime>2025-09-15 23:38:12 UTC</createdTime>
<ownerDesignName>Clinica_Diego_Ignacio_grupo22</ownerDesignName>
<engineerTo>
<item key="DD950E23-0099-9496-CB8B-38FAC8E873FC" value="true"/>
</engineerTo>
<sourcePk>9594E558-1588-A053-16C3-21858C8FC2E9</sourcePk>
<identifying>false</identifying>
<optionalSource>true</optionalSource>
<optionalTarget>false</optionalTarget>
<sourceCardinality>1</sourceCardinality>
<sourceEntity>EA3337BD-A66C-5ED1-9480-20576D45A636</sourceEntity>
<targetCardinalityString>*</targetCardinalityString>
<targetEntity>DED5E589-09EC-36D5-AA43-891F17C17E3C</targetEntity>
<transferable>true</transferable>
<deleteRule>NO ACTION</deleteRule>
</Relation>