<?xml version = '1.0' encoding = 'UTF-8'?>
<Relation class="oracle.dbtools.crest.model.design.logical.Relation" name="Relation_1" directorySegmentName="seg_0" id="C762390A-3A88-651F-EB63-22F458F36B8A">
<createdBy>Dxtro</createdBy>
<createdTime>2025-09-15 23:37:59 UTC</createdTime>
<ownerDesignName>Clinica_Diego_Ignacio_grupo22</ownerDesignName>
<engineerTo>
<item key="DD950E23-0099-9496-CB8B-38FAC8E873FC" value="true"/>
</engineerTo>
<sourcePk>4CA47048-07B0-7CEA-F273-F2D9143AAD90</sourcePk>
<identifying>false</identifying>
<optionalSource>true</optionalSource>
<optionalTarget>false</optionalTarget>
<sourceCardinality>1</sourceCardinality>
<sourceEntity>524360CA-61C5-C76E-CB04-F065360AA0ED</sourceEntity>
<targetCardinalityString>*</targetCardinalityString>
<targetEntity>EA3337BD-A66C-5ED1-9480-20576D45A636</targetEntity>
<transferable>true</transferable>
<deleteRule>NO ACTION</deleteRule>
</Relation>