<?xml version = '1.0' encoding = 'UTF-8'?>
<Relation class="oracle.dbtools.crest.model.design.logical.Relation" name="Relation_6" directorySegmentName="seg_0" id="F2044B63-2875-87BC-2E9C-CEC845AC8407">
<createdBy>Dxtro</createdBy>
<createdTime>2025-09-15 23:39:22 UTC</createdTime>
<ownerDesignName>Clinica_Diego_Ignacio_grupo22</ownerDesignName>
<engineerTo>
<item key="DD950E23-0099-9496-CB8B-38FAC8E873FC" value="true"/>
</engineerTo>
<sourcePk>14CB4B58-ACD5-6CCA-1AC0-7AA677A86A08</sourcePk>
<identifying>false</identifying>
<optionalSource>true</optionalSource>
<optionalTarget>false</optionalTarget>
<sourceCardinality>1</sourceCardinality>
<sourceEntity>1EFD8B92-6254-47DE-4F51-A5A90D9EA3CC</sourceEntity>
<targetCardinalityString>*</targetCardinalityString>
<targetEntity>205B6AAC-3B59-49C5-A8DE-C3D55DC47CB8</targetEntity>
<transferable>true</transferable>
<deleteRule>NO ACTION</deleteRule>
</Relation>