<?xml version = '1.0' encoding = 'UTF-8'?>
<Relation class="oracle.dbtools.crest.model.design.logical.Relation" name="fk_planta_comuna" directorySegmentName="seg_0" id="1D9B6AAE-D3C2-7ACD-9F9C-5D6719432A7C">
<createdBy>Dxtro</createdBy>
<createdTime>2025-10-12 21:58:30 UTC</createdTime>
<generatorID>34418E81-CC9D-74DF-F8D8-279AE22541FD</generatorID>
<ownerDesignName>CristaleriaAndina</ownerDesignName>
<engineerTo>
<item key="933B4483-CA39-6377-448C-F2029B628776" value="true"/>
</engineerTo>
<sourcePk>2F7EF7CB-2607-62D1-5A36-68081169C1FA</sourcePk>
<identifying>false</identifying>
<optionalSource>true</optionalSource>
<optionalTarget>false</optionalTarget>
<sourceCardinality>1</sourceCardinality>
<sourceEntity>50620E82-176F-9E22-6F79-6F8F553F668A</sourceEntity>
<targetCardinalityString>*</targetCardinalityString>
<targetEntity>8E54B4E1-171E-E5CC-841F-4DD48B2E3292</targetEntity>
<transferable>true</transferable>
<deleteRule>NO ACTION</deleteRule>
</Relation>