<?xml version = '1.0' encoding = 'UTF-8'?>
<Relation class="oracle.dbtools.crest.model.design.logical.Relation" name="fk_tecnico_empleado" directorySegmentName="seg_0" id="2AB1EE85-A354-0ACA-17DC-781333F76F14">
<createdBy>Dxtro</createdBy>
<createdTime>2025-10-12 21:58:30 UTC</createdTime>
<generatorID>81006DCD-2621-A032-92DC-5766B4AB2CEC</generatorID>
<ownerDesignName>CristaleriaAndina</ownerDesignName>
<engineerTo>
<item key="933B4483-CA39-6377-448C-F2029B628776" value="true"/>
</engineerTo>
<sourcePk>4F8D3DB0-13C1-7A64-F324-AB346874432A</sourcePk>
<dominantRole>B9530072-AFBB-7308-66E2-8A455DD8C178</dominantRole>
<identifying>true</identifying>
<optionalSource>true</optionalSource>
<optionalTarget>false</optionalTarget>
<sourceCardinality>1</sourceCardinality>
<sourceEntity>B9530072-AFBB-7308-66E2-8A455DD8C178</sourceEntity>
<targetCardinalityString>1</targetCardinalityString>
<targetEntity>C18C325F-8E27-8E8E-984D-E67A40BCE11A</targetEntity>
<transferable>true</transferable>
<deleteRule>NO ACTION</deleteRule>
</Relation>