<?xml version = '1.0' encoding = 'UTF-8'?>
<Relation class="oracle.dbtools.crest.model.design.logical.Relation" name="fk_empleado_planta" directorySegmentName="seg_0" id="307C9CEA-4361-FD4E-C844-5C9C5DC0D63F">
<createdBy>Dxtro</createdBy>
<createdTime>2025-10-12 21:58:30 UTC</createdTime>
<generatorID>3D5F34C2-1C42-3D62-4188-64DE61FBC985</generatorID>
<ownerDesignName>CristaleriaAndina</ownerDesignName>
<engineerTo>
<item key="933B4483-CA39-6377-448C-F2029B628776" value="true"/>
</engineerTo>
<sourcePk>6F74A694-B978-E62E-A641-2DFE4EF07B28</sourcePk>
<identifying>false</identifying>
<optionalSource>true</optionalSource>
<optionalTarget>false</optionalTarget>
<sourceCardinality>1</sourceCardinality>
<sourceEntity>8E54B4E1-171E-E5CC-841F-4DD48B2E3292</sourceEntity>
<targetCardinalityString>*</targetCardinalityString>
<targetEntity>B9530072-AFBB-7308-66E2-8A455DD8C178</targetEntity>
<transferable>true</transferable>
<deleteRule>NO ACTION</deleteRule>
</Relation>