<?xml version = '1.0' encoding = 'UTF-8'?>
<Relation class="oracle.dbtools.crest.model.design.logical.Relation" name="fk_orden_tecnico" directorySegmentName="seg_0" id="357292BF-3104-6C14-7AF8-E867D37B920A">
<createdBy>Dxtro</createdBy>
<createdTime>2025-10-12 21:58:30 UTC</createdTime>
<generatorID>1E7E0A1A-2DDE-07CC-EF0E-CC636B38F254</generatorID>
<ownerDesignName>CristaleriaAndina</ownerDesignName>
<engineerTo>
<item key="933B4483-CA39-6377-448C-F2029B628776" value="true"/>
</engineerTo>
<sourcePk>90DADDFB-5210-B008-4378-CF1DA5726310</sourcePk>
<identifying>false</identifying>
<optionalSource>true</optionalSource>
<optionalTarget>false</optionalTarget>
<sourceCardinality>1</sourceCardinality>
<sourceEntity>C18C325F-8E27-8E8E-984D-E67A40BCE11A</sourceEntity>
<targetCardinalityString>*</targetCardinalityString>
<targetEntity>4BCBC640-A425-4AEE-211D-93FFA9DD090D</targetEntity>
<transferable>true</transferable>
<deleteRule>NO ACTION</deleteRule>
</Relation>