<?xml version = '1.0' encoding = 'UTF-8'?>
<Relation class="oracle.dbtools.crest.model.design.logical.Relation" name="fk_asig_empleado" directorySegmentName="seg_0" id="437F9337-DBF8-8754-A196-B3BA1DECE17B">
<createdBy>Dxtro</createdBy>
<createdTime>2025-10-12 21:58:30 UTC</createdTime>
<generatorID>F3D7129E-0A92-C596-6603-69DBD3BEA375</generatorID>
<ownerDesignName>CristaleriaAndina</ownerDesignName>
<engineerTo>
<item key="933B4483-CA39-6377-448C-F2029B628776" value="true"/>
</engineerTo>
<sourcePk>4F8D3DB0-13C1-7A64-F324-AB346874432A</sourcePk>
<identifying>true</identifying>
<optionalSource>true</optionalSource>
<optionalTarget>false</optionalTarget>
<sourceCardinality>1</sourceCardinality>
<sourceEntity>B9530072-AFBB-7308-66E2-8A455DD8C178</sourceEntity>
<targetCardinalityString>*</targetCardinalityString>
<targetEntity>C5FE678F-748F-9088-459D-F8B13F1C87E2</targetEntity>
<transferable>true</transferable>
<deleteRule>NO ACTION</deleteRule>
</Relation>