<?xml version = '1.0' encoding = 'UTF-8'?>
<Relation class="oracle.dbtools.crest.model.design.logical.Relation" name="fk_jefe_empleado" directorySegmentName="seg_0" id="5FB198D3-EB8D-4310-EF15-705CA037D38E">
<createdBy>Dxtro</createdBy>
<createdTime>2025-10-12 21:58:30 UTC</createdTime>
<generatorID>FAD9D078-E5BB-FDF4-CD06-4EBECF398B31</generatorID>
<ownerDesignName>CristaleriaAndina</ownerDesignName>
<engineerTo>
<item key="933B4483-CA39-6377-448C-F2029B628776" value="true"/>
</engineerTo>
<sourcePk>4F8D3DB0-13C1-7A64-F324-AB346874432A</sourcePk>
<dominantRole>B9530072-AFBB-7308-66E2-8A455DD8C178</dominantRole>
<identifying>true</identifying>
<optionalSource>true</optionalSource>
<optionalTarget>false</optionalTarget>
<sourceCardinality>1</sourceCardinality>
<sourceEntity>B9530072-AFBB-7308-66E2-8A455DD8C178</sourceEntity>
<targetCardinalityString>1</targetCardinalityString>
<targetEntity>EC4D030E-8394-B0AC-B7F0-4435C3BFC7FF</targetEntity>
<transferable>true</transferable>
<deleteRule>NO ACTION</deleteRule>
</Relation>