<?xml version = '1.0' encoding = 'UTF-8'?>
<Relation class="oracle.dbtools.crest.model.design.logical.Relation" name="fk_maquina_planta" directorySegmentName="seg_0" id="791CEA12-1A4A-1901-DA88-D3462D6A1C03">
<createdBy>Dxtro</createdBy>
<createdTime>2025-10-12 21:58:30 UTC</createdTime>
<generatorID>C2A0715D-CC51-10BE-894C-3F48F5DAF13C</generatorID>
<ownerDesignName>CristaleriaAndina</ownerDesignName>
<engineerTo>
<item key="933B4483-CA39-6377-448C-F2029B628776" value="true"/>
</engineerTo>
<sourcePk>6F74A694-B978-E62E-A641-2DFE4EF07B28</sourcePk>
<identifying>false</identifying>
<optionalSource>true</optionalSource>
<optionalTarget>false</optionalTarget>
<sourceCardinality>1</sourceCardinality>
<sourceEntity>8E54B4E1-171E-E5CC-841F-4DD48B2E3292</sourceEntity>
<targetCardinalityString>*</targetCardinalityString>
<targetEntity>8097D0D7-E0CC-AF31-997A-2A8FF5A38F35</targetEntity>
<transferable>true</transferable>
<deleteRule>NO ACTION</deleteRule>
</Relation>