<?xml version = '1.0' encoding = 'UTF-8'?>
<Relation class="oracle.dbtools.crest.model.design.logical.Relation" name="fk_orden_maquina" directorySegmentName="seg_0" id="7BB21C80-A0F7-8965-7E9A-E3BCBD745EE5">
<createdBy>Dxtro</createdBy>
<createdTime>2025-10-12 21:58:30 UTC</createdTime>
<generatorID>7B4AE4B8-90EE-DA2A-42E9-02D090B49D13</generatorID>
<ownerDesignName>CristaleriaAndina</ownerDesignName>
<engineerTo>
<item key="933B4483-CA39-6377-448C-F2029B628776" value="true"/>
</engineerTo>
<sourcePk>B0AF2D1F-D0A8-9DAE-6E32-21E12C11DEA2</sourcePk>
<identifying>false</identifying>
<optionalSource>true</optionalSource>
<optionalTarget>false</optionalTarget>
<sourceCardinality>1</sourceCardinality>
<sourceEntity>8097D0D7-E0CC-AF31-997A-2A8FF5A38F35</sourceEntity>
<targetCardinalityString>*</targetCardinalityString>
<targetEntity>4BCBC640-A425-4AEE-211D-93FFA9DD090D</targetEntity>
<transferable>true</transferable>
<deleteRule>NO ACTION</deleteRule>
</Relation>