<?xml version = '1.0' encoding = 'UTF-8'?>
<Relation class="oracle.dbtools.crest.model.design.logical.Relation" name="fk_asig_maquina" directorySegmentName="seg_0" id="7EC10DAF-6B69-A16A-8314-F7B6329037C1">
<createdBy>Dxtro</createdBy>
<createdTime>2025-10-12 21:58:30 UTC</createdTime>
<generatorID>50C9BF1E-F0B6-FCD6-148E-997D2CA61A9C</generatorID>
<ownerDesignName>CristaleriaAndina</ownerDesignName>
<engineerTo>
<item key="933B4483-CA39-6377-448C-F2029B628776" value="true"/>
</engineerTo>
<sourcePk>B0AF2D1F-D0A8-9DAE-6E32-21E12C11DEA2</sourcePk>
<identifying>false</identifying>
<optionalSource>true</optionalSource>
<optionalTarget>false</optionalTarget>
<sourceCardinality>1</sourceCardinality>
<sourceEntity>8097D0D7-E0CC-AF31-997A-2A8FF5A38F35</sourceEntity>
<targetCardinalityString>*</targetCardinalityString>
<targetEntity>C5FE678F-748F-9088-459D-F8B13F1C87E2</targetEntity>
<transferable>true</transferable>
<deleteRule>NO ACTION</deleteRule>
</Relation>