<?xml version = '1.0' encoding = 'UTF-8'?>
<Relation class="oracle.dbtools.crest.model.design.logical.Relation" name="fk_empleado_afp" directorySegmentName="seg_0" id="87D1661E-56EC-7231-4119-249ED3970CB8">
<createdBy>Dxtro</createdBy>
<createdTime>2025-10-12 21:58:30 UTC</createdTime>
<generatorID>7C485A20-8140-8B5A-446A-DAE110D47BD4</generatorID>
<ownerDesignName>CristaleriaAndina</ownerDesignName>
<engineerTo>
<item key="933B4483-CA39-6377-448C-F2029B628776" value="true"/>
</engineerTo>
<sourcePk>F95AB20C-6A96-9940-5CB4-569558A970A7</sourcePk>
<identifying>false</identifying>
<optionalSource>true</optionalSource>
<optionalTarget>false</optionalTarget>
<sourceCardinality>1</sourceCardinality>
<sourceEntity>74319D02-FE4B-B316-1A1B-A28395CB823E</sourceEntity>
<targetCardinalityString>*</targetCardinalityString>
<targetEntity>B9530072-AFBB-7308-66E2-8A455DD8C178</targetEntity>
<transferable>true</transferable>
<deleteRule>NO ACTION</deleteRule>
</Relation>