<?xml version = '1.0' encoding = 'UTF-8'?>
<Relation class="oracle.dbtools.crest.model.design.logical.Relation" name="fk_empleado_jefe" directorySegmentName="seg_0" id="8E9E51BA-82E9-3CCA-BB0F-AF4F719F6868">
<createdBy>Dxtro</createdBy>
<createdTime>2025-10-12 21:58:30 UTC</createdTime>
<generatorID>235D3F0B-46BB-1F3A-12C2-755841C54660</generatorID>
<ownerDesignName>CristaleriaAndina</ownerDesignName>
<engineerTo>
<item key="933B4483-CA39-6377-448C-F2029B628776" value="true"/>
</engineerTo>
<targetPk>4F8D3DB0-13C1-7A64-F324-AB346874432A</targetPk>
<identifying>false</identifying>
<optionalSource>true</optionalSource>
<optionalTarget>true</optionalTarget>
<sourceCardinality>1</sourceCardinality>
<sourceEntity>B9530072-AFBB-7308-66E2-8A455DD8C178</sourceEntity>
<targetCardinalityString>*</targetCardinalityString>
<targetEntity>B9530072-AFBB-7308-66E2-8A455DD8C178</targetEntity>
<transferable>true</transferable>
<deleteRule>NO ACTION</deleteRule>
</Relation>