<?xml version = '1.0' encoding = 'UTF-8'?>
<Relation class="oracle.dbtools.crest.model.design.logical.Relation" name="fk_comuna_region" directorySegmentName="seg_0" id="9D52B4A4-E481-AA14-163E-D582AECB3A0D">
<createdBy>Dxtro</createdBy>
<createdTime>2025-10-12 21:58:30 UTC</createdTime>
<generatorID>FBAF1B75-6C3B-D2D9-3BE0-723F7B9B5F02</generatorID>
<ownerDesignName>CristaleriaAndina</ownerDesignName>
<engineerTo>
<item key="933B4483-CA39-6377-448C-F2029B628776" value="true"/>
</engineerTo>
<sourcePk>BC64EE67-E31C-AD1A-299C-7E53FA5363BB</sourcePk>
<identifying>false</identifying>
<optionalSource>true</optionalSource>
<optionalTarget>false</optionalTarget>
<sourceCardinality>1</sourceCardinality>
<sourceEntity>8DA4B5BE-3686-D954-B111-D36D1485599E</sourceEntity>
<targetCardinalityString>*</targetCardinalityString>
<targetEntity>50620E82-176F-9E22-6F79-6F8F553F668A</targetEntity>
<transferable>true</transferable>
<deleteRule>NO ACTION</deleteRule>
</Relation>