<?xml version = '1.0' encoding = 'UTF-8'?>
<Relation class="oracle.dbtools.crest.model.design.logical.Relation" name="fk_operario_empleado" directorySegmentName="seg_0" id="C29C5853-E9F8-7D73-F502-C948F1B9435E">
<createdBy>Dxtro</createdBy>
<createdTime>2025-10-12 21:58:30 UTC</createdTime>
<generatorID>C53D6F4C-DFCE-7999-3D0C-F5608F861855</generatorID>
<ownerDesignName>CristaleriaAndina</ownerDesignName>
<engineerTo>
<item key="933B4483-CA39-6377-448C-F2029B628776" value="true"/>
</engineerTo>
<sourcePk>4F8D3DB0-13C1-7A64-F324-AB346874432A</sourcePk>
<dominantRole>B9530072-AFBB-7308-66E2-8A455DD8C178</dominantRole>
<identifying>true</identifying>
<optionalSource>true</optionalSource>
<optionalTarget>false</optionalTarget>
<sourceCardinality>1</sourceCardinality>
<sourceEntity>B9530072-AFBB-7308-66E2-8A455DD8C178</sourceEntity>
<targetCardinalityString>1</targetCardinalityString>
<targetEntity>3A4696B3-36D9-D108-FE7B-C1782391BF69</targetEntity>
<transferable>true</transferable>
<deleteRule>NO ACTION</deleteRule>
</Relation>