<?xml version = '1.0' encoding = 'UTF-8'?>
<Relation class="oracle.dbtools.crest.model.design.logical.Relation" name="fk_empleado_salud" directorySegmentName="seg_0" id="CDF3D650-8092-3260-C780-CE963A0E35ED">
<createdBy>Dxtro</createdBy>
<createdTime>2025-10-12 21:58:30 UTC</createdTime>
<generatorID>856F460D-D6F3-D00D-2293-40226ADB79A4</generatorID>
<ownerDesignName>CristaleriaAndina</ownerDesignName>
<engineerTo>
<item key="933B4483-CA39-6377-448C-F2029B628776" value="true"/>
</engineerTo>
<sourcePk>373F3923-AFC1-A627-B512-769A54F6E2B6</sourcePk>
<identifying>false</identifying>
<optionalSource>true</optionalSource>
<optionalTarget>false</optionalTarget>
<sourceCardinality>1</sourceCardinality>
<sourceEntity>0A9B8409-D704-2000-DFD3-7583672769E3</sourceEntity>
<targetCardinalityString>*</targetCardinalityString>
<targetEntity>B9530072-AFBB-7308-66E2-8A455DD8C178</targetEntity>
<transferable>true</transferable>
<deleteRule>NO ACTION</deleteRule>
</Relation>