<?xml version = '1.0' encoding = 'UTF-8'?>
<Relation class="oracle.dbtools.crest.model.design.logical.Relation" name="fk_maquina_tipo" directorySegmentName="seg_0" id="F6185757-D437-A96C-4820-22A5657919F3">
<createdBy>Dxtro</createdBy>
<createdTime>2025-10-12 21:58:30 UTC</createdTime>
<generatorID>1B7666B9-EAAB-6659-E250-3957BE6760E2</generatorID>
<ownerDesignName>CristaleriaAndina</ownerDesignName>
<engineerTo>
<item key="933B4483-CA39-6377-448C-F2029B628776" value="true"/>
</engineerTo>
<sourcePk>E3344C22-C2EE-0B2C-A280-05E9B000584C</sourcePk>
<identifying>false</identifying>
<optionalSource>true</optionalSource>
<optionalTarget>false</optionalTarget>
<sourceCardinality>1</sourceCardinality>
<sourceEntity>7D58F453-7095-3027-9EF5-6EB856FF61AC</sourceEntity>
<targetCardinalityString>*</targetCardinalityString>
<targetEntity>8097D0D7-E0CC-AF31-997A-2A8FF5A38F35</targetEntity>
<transferable>true</transferable>
<deleteRule>NO ACTION</deleteRule>
</Relation>