<?xml version = '1.0' encoding = 'UTF-8'?>
<Relation class="oracle.dbtools.crest.model.design.logical.Relation" name="fk_asig_turno" directorySegmentName="seg_0" id="FDFE99A4-5C3B-59D9-C32F-9DE3B7EED4C0">
<createdBy>Dxtro</createdBy>
<createdTime>2025-10-12 21:58:30 UTC</createdTime>
<generatorID>CC51A639-57C1-46B6-4C80-932D68F7DF19</generatorID>
<ownerDesignName>CristaleriaAndina</ownerDesignName>
<engineerTo>
<item key="933B4483-CA39-6377-448C-F2029B628776" value="true"/>
</engineerTo>
<sourcePk>A3B12632-9419-1413-C5D9-F0379163383E</sourcePk>
<identifying>false</identifying>
<optionalSource>true</optionalSource>
<optionalTarget>false</optionalTarget>
<sourceCardinality>1</sourceCardinality>
<sourceEntity>5DBC1D9C-699D-2826-1FAC-DF7D75F9EFA3</sourceEntity>
<targetCardinalityString>*</targetCardinalityString>
<targetEntity>C5FE678F-748F-9088-459D-F8B13F1C87E2</targetEntity>
<transferable>true</transferable>
<deleteRule>NO ACTION</deleteRule>
</Relation>