<?xml version = '1.0' encoding = 'UTF-8'?>
<Table class="oracle.dbtools.crest.model.design.relational.Table" directorySegmentName="seg_0" id="085505EA-592A-0A1A-BCC3-27C8BF57C3DE" name="RESULTADO_EXAMEN">
<createdBy>Dxtro</createdBy>
<createdTime>2025-09-15 23:51:47 UTC</createdTime>
<generatorID>06A7FF10-2A7B-DFCA-F37F-CD5C91B4FCCD</generatorID>
<ownerDesignName>Clinica_Diego_Ignacio_grupo22</ownerDesignName>
<allowColumnReorder>false</allowColumnReorder>
<existDependencyGenerateInDDl>true</existDependencyGenerateInDDl>
<parsed>true</parsed>
<columns itemClass="oracle.dbtools.crest.model.design.relational.Column">
<Column name="id_resultado" id="8F28723D-B9B6-3EF8-8EF1-CD72592C2CBD">
<createdBy>Dxtro</createdBy>
<createdTime>2025-09-15 23:51:47 UTC</createdTime>
<generatorID>90A9E837-247C-ABC8-1AFD-FF031A937770</generatorID>
<ownerDesignName>Clinica_Diego_Ignacio_grupo22</ownerDesignName>
<useDomainConstraints>false</useDomainConstraints>
<use>1</use>
<logicalDatatype>LOGDT019</logicalDatatype>
<dataTypePrecision>10</dataTypePrecision>
<ownDataTypeParameters>,10,</ownDataTypeParameters>
<autoIncrementCycle>false</autoIncrementCycle>
</Column>
<Column name="fecha_resultado" id="595BBFF6-2DB6-C771-7FF1-5FF3FBD1890C">
<createdBy>Dxtro</createdBy>
<createdTime>2025-09-15 23:51:47 UTC</createdTime>
<generatorID>E34DD4C7-0D6A-5044-831F-02291A6B2DAB</generatorID>
<ownerDesignName>Clinica_Diego_Ignacio_grupo22</ownerDesignName>
<useDomainConstraints>false</useDomainConstraints>
<use>1</use>
<logicalDatatype>LOGDT007</logicalDatatype>
<ownDataTypeParameters>,,</ownDataTypeParameters>
<autoIncrementCycle>false</autoIncrementCycle>
</Column>
<Column name="valor_resultado" id="8ED9510D-30FE-DE43-B1ED-1EB79E382D83">
<createdBy>Dxtro</createdBy>
<createdTime>2025-09-15 23:51:47 UTC</createdTime>
<generatorID>85E4181B-5325-491B-A528-0C4C16321360</generatorID>
<ownerDesignName>Clinica_Diego_Ignacio_grupo22</ownerDesignName>
<useDomainConstraints>false</useDomainConstraints>
<use>1</use>
<logicalDatatype>LOGDT024</logicalDatatype>
<dataTypeSize>100</dataTypeSize>
<ownDataTypeParameters>100,,</ownDataTypeParameters>
<autoIncrementCycle>false</autoIncrementCycle>
</Column>
<Column name="comentario" id="6B514EFA-625E-C4AF-8D34-FAC7E795034C">
<createdBy>Dxtro</createdBy>
<createdTime>2025-09-15 23:51:47 UTC</createdTime>
<generatorID>3A1AAE0A-8AD6-1ACB-BE58-13CD08535962</generatorID>
<ownerDesignName>Clinica_Diego_Ignacio_grupo22</ownerDesignName>
<nullsAllowed>true</nullsAllowed>
<useDomainConstraints>false</useDomainConstraints>
<use>1</use>
<logicalDatatype>LOGDT024</logicalDatatype>
<dataTypeSize>200</dataTypeSize>
<ownDataTypeParameters>200,,</ownDataTypeParameters>
<autoIncrementCycle>false</autoIncrementCycle>
</Column>
<Column name="SOLICITUD_EXAMEN_id_solicitud" id="E420641C-6FB6-2373-1E60-4C87F03B6E68">
<createdBy>Dxtro</createdBy>
<createdTime>2025-09-15 23:51:47 UTC</createdTime>
<generatorID>0910F358-EBA2-9122-88DF-0BCD56F03AFD</generatorID>
<ownerDesignName>Clinica_Diego_Ignacio_grupo22</ownerDesignName>
<useDomainConstraints>false</useDomainConstraints>
<use>1</use>
<logicalDatatype>LOGDT019</logicalDatatype>
<dataTypePrecision>10</dataTypePrecision>
<ownDataTypeParameters>,,</ownDataTypeParameters>
<previousColumn>false</previousColumn>
<autoIncrementCycle>false</autoIncrementCycle>
<associations>
<colAssociation fkAssociation="D2C3296F-F721-A88A-B5E4-07DD12C33247" referredColumn="5C5652BA-13C5-6CA7-BA53-FB76B7561B41"/>
</associations>
</Column>
</columns>
<indexes itemClass="oracle.dbtools.crest.model.design.relational.Index">
<ind_PK_UK id="A4A22962-5F6E-D81C-4B7A-5A35267F7D1D" name="RESULTADO_EXAMEN_PK">
<createdBy>Dxtro</createdBy>
<createdTime>2025-09-15 23:51:47 UTC</createdTime>
<generatorID>FA8064C9-4D67-5E1E-EEB9-7E275C0D8AEA</generatorID>
<ownerDesignName>Clinica_Diego_Ignacio_grupo22</ownerDesignName>
<pk>true</pk>
<indexState>Primary Constraint</indexState>
<isSurrogateKey>false</isSurrogateKey>
<indexColumnUsage>
<colUsage columnID="8F28723D-B9B6-3EF8-8EF1-CD72592C2CBD"/>
</indexColumnUsage>
</ind_PK_UK>
<ind_PK_UK id="9CB2719F-C968-BA76-089E-DB492A4EF822" name="UK_RESULTADO_ID_SOLICITUD">
<createdBy>Dxtro</createdBy>
<createdTime>2025-09-16 01:59:08 UTC</createdTime>
<ownerDesignName>Clinica_Diego_Ignacio_grupo22</ownerDesignName>
<indexState>Unique Constraint</indexState>
<isSurrogateKey>false</isSurrogateKey>
<indexColumnUsage>
<colUsage columnID="E420641C-6FB6-2373-1E60-4C87F03B6E68"/>
</indexColumnUsage>
</ind_PK_UK>
<ind_PK_UK id="C016D16F-7F0F-47DC-B857-25A1F91B1881" name="RESULTADO_EXAMEN__IDX">
<createdBy>Dxtro</createdBy>
<createdTime>2025-09-15 23:51:47 UTC</createdTime>
<ownerDesignName>Clinica_Diego_Ignacio_grupo22</ownerDesignName>
<indexState>Unique Plain Index</indexState>
<isSurrogateKey>false</isSurrogateKey>
<relationGeneratorID>62B24658-0AD2-C53F-43CD-0A39E256E7A8</relationGeneratorID>
<indexColumnUsage>
<colUsage columnID="E420641C-6FB6-2373-1E60-4C87F03B6E68"/>
</indexColumnUsage>
</ind_PK_UK>
<ind_PK_UK id="BEF67AE0-D9D3-5A30-1C54-E8DF9AFDF8E5" name="FK_RESULTADO_SOLICITUD">
<createdBy>Dxtro</createdBy>
<createdTime>2025-09-15 23:51:47 UTC</createdTime>
<generatorID>62B24658-0AD2-C53F-43CD-0A39E256E7A8</generatorID>
<ownerDesignName>Clinica_Diego_Ignacio_grupo22</ownerDesignName>
<indexState>Foreign Key</indexState>
<isSurrogateKey>false</isSurrogateKey>
<indexColumnUsage>
<colUsage columnID="E420641C-6FB6-2373-1E60-4C87F03B6E68"/>
</indexColumnUsage>
</ind_PK_UK>
</indexes>
</Table>