<?xml version = '1.0' encoding = 'UTF-8'?>
<Table class="oracle.dbtools.crest.model.design.relational.Table" directorySegmentName="seg_0" id="1B004078-8D45-1E6C-6D89-7415D03717AE" name="COMUNA">
<createdBy>Dxtro</createdBy>
<createdTime>2025-09-15 23:51:47 UTC</createdTime>
<generatorID>EA3337BD-A66C-5ED1-9480-20576D45A636</generatorID>
<ownerDesignName>Clinica_Diego_Ignacio_grupo22</ownerDesignName>
<allowColumnReorder>false</allowColumnReorder>
<existDependencyGenerateInDDl>true</existDependencyGenerateInDDl>
<parsed>true</parsed>
<columns itemClass="oracle.dbtools.crest.model.design.relational.Column">
<Column name="id_comuna" id="900F84A3-A143-98F9-0748-7BCD397FD2D1">
<createdBy>Dxtro</createdBy>
<createdTime>2025-09-15 23:51:47 UTC</createdTime>
<generatorID>422C5D00-C305-3C34-F878-AB95DEB15D05</generatorID>
<ownerDesignName>Clinica_Diego_Ignacio_grupo22</ownerDesignName>
<useDomainConstraints>false</useDomainConstraints>
<use>1</use>
<logicalDatatype>LOGDT019</logicalDatatype>
<dataTypePrecision>10</dataTypePrecision>
<ownDataTypeParameters>,10,</ownDataTypeParameters>
<autoIncrementCycle>false</autoIncrementCycle>
</Column>
<Column name="nombre" id="406C7459-4FAB-5D33-E403-829128033A4B">
<createdBy>Dxtro</createdBy>
<createdTime>2025-09-15 23:51:47 UTC</createdTime>
<generatorID>B896BC9C-42E3-705C-AA0B-91FFEFAFBB99</generatorID>
<ownerDesignName>Clinica_Diego_Ignacio_grupo22</ownerDesignName>
<useDomainConstraints>false</useDomainConstraints>
<use>1</use>
<logicalDatatype>LOGDT024</logicalDatatype>
<dataTypeSize>60</dataTypeSize>
<ownDataTypeParameters>60,,</ownDataTypeParameters>
<autoIncrementCycle>false</autoIncrementCycle>
</Column>
<Column name="REGION_id_region" id="0770EA81-21A1-040B-70EC-C02AB9619400">
<createdBy>Dxtro</createdBy>
<createdTime>2025-09-15 23:51:47 UTC</createdTime>
<generatorID>86634F7F-DC46-C26F-E87A-C478078F09FA</generatorID>
<ownerDesignName>Clinica_Diego_Ignacio_grupo22</ownerDesignName>
<useDomainConstraints>false</useDomainConstraints>
<use>1</use>
<logicalDatatype>LOGDT019</logicalDatatype>
<dataTypePrecision>10</dataTypePrecision>
<ownDataTypeParameters>,,</ownDataTypeParameters>
<previousColumn>false</previousColumn>
<autoIncrementCycle>false</autoIncrementCycle>
<associations>
<colAssociation fkAssociation="CA95624A-175A-729E-1E2D-BDF2B4324241" referredColumn="6145D915-E267-784B-63AE-36B4AD408186"/>
</associations>
</Column>
</columns>
<indexes itemClass="oracle.dbtools.crest.model.design.relational.Index">
<ind_PK_UK id="B738051C-70BD-F2FB-3BE9-541DD0D23ACF" name="COMUNA_PK">
<createdBy>Dxtro</createdBy>
<createdTime>2025-09-15 23:51:47 UTC</createdTime>
<generatorID>9594E558-1588-A053-16C3-21858C8FC2E9</generatorID>
<ownerDesignName>Clinica_Diego_Ignacio_grupo22</ownerDesignName>
<pk>true</pk>
<indexState>Primary Constraint</indexState>
<isSurrogateKey>false</isSurrogateKey>
<indexColumnUsage>
<colUsage columnID="900F84A3-A143-98F9-0748-7BCD397FD2D1"/>
</indexColumnUsage>
</ind_PK_UK>
<ind_PK_UK id="D07BA1A0-8A79-0CB1-D5DD-F50053E073F9" name="UK_COMUNA_NOMBRE_REGION">
<createdBy>Dxtro</createdBy>
<createdTime>2025-09-16 00:24:59 UTC</createdTime>
<ownerDesignName>Clinica_Diego_Ignacio_grupo22</ownerDesignName>
<indexState>Unique Constraint</indexState>
<isSurrogateKey>false</isSurrogateKey>
<indexColumnUsage>
<colUsage columnID="406C7459-4FAB-5D33-E403-829128033A4B"/>
<colUsage columnID="0770EA81-21A1-040B-70EC-C02AB9619400"/>
</indexColumnUsage>
</ind_PK_UK>
<ind_PK_UK id="B3A4D17C-1F34-28DD-4745-21D6AD0474BE" name="FK_COMUNA_REGION">
<createdBy>Dxtro</createdBy>
<createdTime>2025-09-15 23:51:47 UTC</createdTime>
<generatorID>C762390A-3A88-651F-EB63-22F458F36B8A</generatorID>
<ownerDesignName>Clinica_Diego_Ignacio_grupo22</ownerDesignName>
<indexState>Foreign Key</indexState>
<isSurrogateKey>false</isSurrogateKey>
<indexColumnUsage>
<colUsage columnID="0770EA81-21A1-040B-70EC-C02AB9619400"/>
</indexColumnUsage>
</ind_PK_UK>
</indexes>
</Table>