<?xml version = '1.0' encoding = 'UTF-8'?>
<Table class="oracle.dbtools.crest.model.design.relational.Table" directorySegmentName="seg_0" id="298FCD2B-887D-903D-B9C1-D41740DE10D5" name="SOLICITUD_EXAMEN">
<createdBy>Dxtro</createdBy>
<createdTime>2025-09-15 23:51:47 UTC</createdTime>
<generatorID>9E9F748E-BB62-4267-8A1B-DD2FCE116AF0</generatorID>
<ownerDesignName>Clinica_Diego_Ignacio_grupo22</ownerDesignName>
<allowColumnReorder>false</allowColumnReorder>
<existDependencyGenerateInDDl>true</existDependencyGenerateInDDl>
<parsed>true</parsed>
<columns itemClass="oracle.dbtools.crest.model.design.relational.Column">
<Column name="id_solicitud" id="5C5652BA-13C5-6CA7-BA53-FB76B7561B41">
<createdBy>Dxtro</createdBy>
<createdTime>2025-09-15 23:51:47 UTC</createdTime>
<generatorID>DA75E312-5A5E-C951-B18F-C9F6405C9B99</generatorID>
<ownerDesignName>Clinica_Diego_Ignacio_grupo22</ownerDesignName>
<useDomainConstraints>false</useDomainConstraints>
<use>1</use>
<logicalDatatype>LOGDT019</logicalDatatype>
<dataTypePrecision>10</dataTypePrecision>
<ownDataTypeParameters>,10,</ownDataTypeParameters>
<autoIncrementCycle>false</autoIncrementCycle>
</Column>
<Column name="fecha_solicitud" id="047F88C6-7D21-047A-F6AE-C255B321C71E">
<createdBy>Dxtro</createdBy>
<createdTime>2025-09-15 23:51:47 UTC</createdTime>
<generatorID>8FE72303-D484-CF0E-D3B4-382148B59BF4</generatorID>
<ownerDesignName>Clinica_Diego_Ignacio_grupo22</ownerDesignName>
<useDomainConstraints>false</useDomainConstraints>
<use>1</use>
<logicalDatatype>LOGDT007</logicalDatatype>
<ownDataTypeParameters>,,</ownDataTypeParameters>
<autoIncrementCycle>false</autoIncrementCycle>
</Column>
<Column name="observaciones" id="A9A0819E-8FEB-78D8-ABCD-BDA0AB9D1042">
<createdBy>Dxtro</createdBy>
<createdTime>2025-09-15 23:51:47 UTC</createdTime>
<generatorID>46ECB61A-17A8-E6E3-FBEC-4400312B826A</generatorID>
<ownerDesignName>Clinica_Diego_Ignacio_grupo22</ownerDesignName>
<nullsAllowed>true</nullsAllowed>
<useDomainConstraints>false</useDomainConstraints>
<use>1</use>
<logicalDatatype>LOGDT024</logicalDatatype>
<dataTypeSize>200</dataTypeSize>
<ownDataTypeParameters>200,,</ownDataTypeParameters>
<autoIncrementCycle>false</autoIncrementCycle>
</Column>
<Column name="EXAMEN_id_examen" id="B9E77A06-3BBA-3A9F-CDCB-FF32BCE85215">
<createdBy>Dxtro</createdBy>
<createdTime>2025-09-15 23:51:47 UTC</createdTime>
<generatorID>1FEECE77-A697-7723-22A8-FDB528DEA4AC</generatorID>
<ownerDesignName>Clinica_Diego_Ignacio_grupo22</ownerDesignName>
<useDomainConstraints>false</useDomainConstraints>
<use>1</use>
<logicalDatatype>LOGDT019</logicalDatatype>
<dataTypePrecision>10</dataTypePrecision>
<ownDataTypeParameters>,,</ownDataTypeParameters>
<previousColumn>false</previousColumn>
<autoIncrementCycle>false</autoIncrementCycle>
<associations>
<colAssociation fkAssociation="7A3733EC-F4F2-5B4A-46E1-F817C9C41258" referredColumn="7CE68519-3D9D-1BD1-8E34-893B4AB9D76F"/>
</associations>
</Column>
<Column name="id_atencion" id="C7018298-3598-8051-6AA2-91F6E6506DF5">
<createdBy>Dxtro</createdBy>
<createdTime>2025-09-16 01:37:51 UTC</createdTime>
<ownerDesignName>Clinica_Diego_Ignacio_grupo22</ownerDesignName>
<useDomainConstraints>false</useDomainConstraints>
<use>1</use>
<logicalDatatype>LOGDT019</logicalDatatype>
<dataTypePrecision>10</dataTypePrecision>
<ownDataTypeParameters>,,</ownDataTypeParameters>
<autoIncrementCycle>false</autoIncrementCycle>
<associations>
<colAssociation fkAssociation="96FD0838-8146-4A79-D8E3-4B7E62B3FE62" referredColumn="0D516DE1-7781-23EB-953B-BA98CD3E5C53"/>
</associations>
</Column>
</columns>
<indexes itemClass="oracle.dbtools.crest.model.design.relational.Index">
<ind_PK_UK id="F9F97528-9B18-FABA-8254-0C22F9129F6B" name="SOLICITUD_EXAMEN_PK">
<createdBy>Dxtro</createdBy>
<createdTime>2025-09-15 23:51:47 UTC</createdTime>
<generatorID>6B0BDC0D-AE0F-B59B-F164-CB611104EEEE</generatorID>
<ownerDesignName>Clinica_Diego_Ignacio_grupo22</ownerDesignName>
<pk>true</pk>
<indexState>Primary Constraint</indexState>
<isSurrogateKey>false</isSurrogateKey>
<indexColumnUsage>
<colUsage columnID="5C5652BA-13C5-6CA7-BA53-FB76B7561B41"/>
</indexColumnUsage>
</ind_PK_UK>
<ind_PK_UK id="8073DBF0-524A-A36D-53CB-18E0E117BB7D" name="UK_SOLICITUD_ATENCION_EXAMEN">
<createdBy>Dxtro</createdBy>
<createdTime>2025-09-16 01:38:40 UTC</createdTime>
<ownerDesignName>Clinica_Diego_Ignacio_grupo22</ownerDesignName>
<indexState>Unique Constraint</indexState>
<isSurrogateKey>false</isSurrogateKey>
<indexColumnUsage>
<colUsage columnID="C7018298-3598-8051-6AA2-91F6E6506DF5"/>
<colUsage columnID="B9E77A06-3BBA-3A9F-CDCB-FF32BCE85215"/>
</indexColumnUsage>
</ind_PK_UK>
<ind_PK_UK id="9ADDF443-3900-EDD4-08EF-D5AD62AB1957" name="FK_SOLICITUD_EXAMEN">
<createdBy>Dxtro</createdBy>
<createdTime>2025-09-15 23:51:47 UTC</createdTime>
<generatorID>72001D02-6123-94D3-EB05-C5F42962CC10</generatorID>
<ownerDesignName>Clinica_Diego_Ignacio_grupo22</ownerDesignName>
<indexState>Foreign Key</indexState>
<isSurrogateKey>false</isSurrogateKey>
<indexColumnUsage>
<colUsage columnID="B9E77A06-3BBA-3A9F-CDCB-FF32BCE85215"/>
</indexColumnUsage>
</ind_PK_UK>
<ind_PK_UK id="89740396-6F4A-D29B-9A53-C8672CB244B7" name="FK_SOLICITUD_ATENCION">
<createdBy>Dxtro</createdBy>
<createdTime>2025-09-16 01:37:51 UTC</createdTime>
<ownerDesignName>Clinica_Diego_Ignacio_grupo22</ownerDesignName>
<indexState>Foreign Key</indexState>
<isSurrogateKey>false</isSurrogateKey>
<indexColumnUsage>
<colUsage columnID="C7018298-3598-8051-6AA2-91F6E6506DF5"/>
</indexColumnUsage>
</ind_PK_UK>
</indexes>
</Table>