<?xml version = '1.0' encoding = 'UTF-8'?>
<Table class="oracle.dbtools.crest.model.design.relational.Table" directorySegmentName="seg_0" id="372559C5-8662-1472-1832-4AF4B7701FF0" name="EXAMEN">
<createdBy>Dxtro</createdBy>
<createdTime>2025-09-15 23:51:47 UTC</createdTime>
<generatorID>555C36C3-1585-ED9C-43E4-4194AE5888D4</generatorID>
<ownerDesignName>Clinica_Diego_Ignacio_grupo22</ownerDesignName>
<allowColumnReorder>false</allowColumnReorder>
<existDependencyGenerateInDDl>true</existDependencyGenerateInDDl>
<parsed>true</parsed>
<columns itemClass="oracle.dbtools.crest.model.design.relational.Column">
<Column name="id_examen" id="7CE68519-3D9D-1BD1-8E34-893B4AB9D76F">
<createdBy>Dxtro</createdBy>
<createdTime>2025-09-15 23:51:47 UTC</createdTime>
<generatorID>E21C3D28-1CE5-0920-8ACB-C0E2633BB407</generatorID>
<ownerDesignName>Clinica_Diego_Ignacio_grupo22</ownerDesignName>
<useDomainConstraints>false</useDomainConstraints>
<use>1</use>
<logicalDatatype>LOGDT019</logicalDatatype>
<dataTypePrecision>10</dataTypePrecision>
<ownDataTypeParameters>,10,</ownDataTypeParameters>
<autoIncrementCycle>false</autoIncrementCycle>
</Column>
<Column name="codigo" id="68897F27-258A-CCF2-E608-4B9882BBC1C9">
<createdBy>Dxtro</createdBy>
<createdTime>2025-09-15 23:51:47 UTC</createdTime>
<generatorID>717DA02C-7B8A-AF47-1486-F88412540FBF</generatorID>
<ownerDesignName>Clinica_Diego_Ignacio_grupo22</ownerDesignName>
<useDomainConstraints>false</useDomainConstraints>
<use>1</use>
<logicalDatatype>LOGDT024</logicalDatatype>
<dataTypeSize>10</dataTypeSize>
<ownDataTypeParameters>10,,</ownDataTypeParameters>
<autoIncrementCycle>false</autoIncrementCycle>
</Column>
<Column name="nombre" id="8A310696-6683-8C37-3A8D-134199AD95BB">
<createdBy>Dxtro</createdBy>
<createdTime>2025-09-15 23:51:47 UTC</createdTime>
<generatorID>046775DA-EB7F-2FEC-FAD2-F4888C7F70C5</generatorID>
<ownerDesignName>Clinica_Diego_Ignacio_grupo22</ownerDesignName>
<useDomainConstraints>false</useDomainConstraints>
<use>1</use>
<logicalDatatype>LOGDT024</logicalDatatype>
<dataTypeSize>80</dataTypeSize>
<ownDataTypeParameters>80,,</ownDataTypeParameters>
<autoIncrementCycle>false</autoIncrementCycle>
</Column>
<Column name="tipo_muestra" id="86CB38BF-B085-8056-FFA6-BBAB5DC656C9">
<createdBy>Dxtro</createdBy>
<createdTime>2025-09-15 23:51:47 UTC</createdTime>
<generatorID>4B83D422-708F-3B1E-4BEE-81B74C0D8A62</generatorID>
<ownerDesignName>Clinica_Diego_Ignacio_grupo22</ownerDesignName>
<useDomainConstraints>false</useDomainConstraints>
<use>1</use>
<logicalDatatype>LOGDT024</logicalDatatype>
<dataTypeSize>40</dataTypeSize>
<ownDataTypeParameters>40,,</ownDataTypeParameters>
<autoIncrementCycle>false</autoIncrementCycle>
</Column>
<Column name="condiciones" id="2598A169-7788-01FA-5302-32866F7670B2">
<createdBy>Dxtro</createdBy>
<createdTime>2025-09-15 23:51:47 UTC</createdTime>
<generatorID>2A620C51-A41D-61F6-9357-142297481B81</generatorID>
<ownerDesignName>Clinica_Diego_Ignacio_grupo22</ownerDesignName>
<nullsAllowed>true</nullsAllowed>
<useDomainConstraints>false</useDomainConstraints>
<use>1</use>
<logicalDatatype>LOGDT024</logicalDatatype>
<dataTypeSize>120</dataTypeSize>
<ownDataTypeParameters>120,,</ownDataTypeParameters>
<autoIncrementCycle>false</autoIncrementCycle>
</Column>
</columns>
<indexes itemClass="oracle.dbtools.crest.model.design.relational.Index">
<ind_PK_UK id="634F4B40-E2FF-0571-E087-E704B52C408F" name="EXAMEN_PK">
<createdBy>Dxtro</createdBy>
<createdTime>2025-09-15 23:51:47 UTC</createdTime>
<generatorID>BA5AAD96-54E9-5AFF-720D-13A25D9D7A13</generatorID>
<ownerDesignName>Clinica_Diego_Ignacio_grupo22</ownerDesignName>
<pk>true</pk>
<indexState>Primary Constraint</indexState>
<isSurrogateKey>false</isSurrogateKey>
<indexColumnUsage>
<colUsage columnID="7CE68519-3D9D-1BD1-8E34-893B4AB9D76F"/>
</indexColumnUsage>
</ind_PK_UK>
</indexes>
</Table>