<?xml version = '1.0' encoding = 'UTF-8'?>
<Table class="oracle.dbtools.crest.model.design.relational.Table" directorySegmentName="seg_0" id="39913F0D-F2CE-557A-8A28-CD6262DEF361" name="REGION">
<createdBy>Dxtro</createdBy>
<createdTime>2025-09-15 23:51:47 UTC</createdTime>
<generatorID>524360CA-61C5-C76E-CB04-F065360AA0ED</generatorID>
<ownerDesignName>Clinica_Diego_Ignacio_grupo22</ownerDesignName>
<allowColumnReorder>false</allowColumnReorder>
<existDependencyGenerateInDDl>true</existDependencyGenerateInDDl>
<parsed>true</parsed>
<columns itemClass="oracle.dbtools.crest.model.design.relational.Column">
<Column name="id_region" id="6145D915-E267-784B-63AE-36B4AD408186">
<createdBy>Dxtro</createdBy>
<createdTime>2025-09-15 23:51:47 UTC</createdTime>
<generatorID>D57DB79B-4A6E-3E8D-05A6-9BA09E9B3D88</generatorID>
<ownerDesignName>Clinica_Diego_Ignacio_grupo22</ownerDesignName>
<useDomainConstraints>false</useDomainConstraints>
<use>1</use>
<logicalDatatype>LOGDT019</logicalDatatype>
<dataTypePrecision>10</dataTypePrecision>
<ownDataTypeParameters>,10,</ownDataTypeParameters>
<autoIncrementCycle>false</autoIncrementCycle>
</Column>
<Column name="nombre" id="846D372A-9A71-0195-12AD-96A8316DC13E">
<createdBy>Dxtro</createdBy>
<createdTime>2025-09-15 23:51:47 UTC</createdTime>
<generatorID>AE436EC5-341C-3DCC-1022-5F03B8AE1F3F</generatorID>
<ownerDesignName>Clinica_Diego_Ignacio_grupo22</ownerDesignName>
<useDomainConstraints>false</useDomainConstraints>
<use>1</use>
<logicalDatatype>LOGDT024</logicalDatatype>
<dataTypeSize>60</dataTypeSize>
<ownDataTypeParameters>60,,</ownDataTypeParameters>
<autoIncrementCycle>false</autoIncrementCycle>
</Column>
</columns>
<indexes itemClass="oracle.dbtools.crest.model.design.relational.Index">
<ind_PK_UK id="8CB8D31F-82C3-0B4D-6098-5B95A0C99089" name="REGION_PK">
<createdBy>Dxtro</createdBy>
<createdTime>2025-09-15 23:51:47 UTC</createdTime>
<generatorID>4CA47048-07B0-7CEA-F273-F2D9143AAD90</generatorID>
<ownerDesignName>Clinica_Diego_Ignacio_grupo22</ownerDesignName>
<pk>true</pk>
<indexState>Primary Constraint</indexState>
<isSurrogateKey>false</isSurrogateKey>
<indexColumnUsage>
<colUsage columnID="6145D915-E267-784B-63AE-36B4AD408186"/>
</indexColumnUsage>
</ind_PK_UK>
</indexes>
</Table>