<?xml version = '1.0' encoding = 'UTF-8'?>
<Table class="oracle.dbtools.crest.model.design.relational.Table" directorySegmentName="seg_0" id="4431B8EF-6FD0-976C-5D15-43273CBF819E" name="MEDICO">
<createdBy>Dxtro</createdBy>
<createdTime>2025-09-15 23:51:47 UTC</createdTime>
<generatorID>205B6AAC-3B59-49C5-A8DE-C3D55DC47CB8</generatorID>
<ownerDesignName>Clinica_Diego_Ignacio_grupo22</ownerDesignName>
<allowColumnReorder>false</allowColumnReorder>
<existDependencyGenerateInDDl>true</existDependencyGenerateInDDl>
<parsed>true</parsed>
<columns itemClass="oracle.dbtools.crest.model.design.relational.Column">
<Column name="id_medico" id="16D6FF0F-86E9-2863-CCCB-EFCF7AE6EBD3">
<createdBy>Dxtro</createdBy>
<createdTime>2025-09-15 23:51:47 UTC</createdTime>
<generatorID>EA560C08-FA32-F68F-9251-0CEAABC4AAA5</generatorID>
<ownerDesignName>Clinica_Diego_Ignacio_grupo22</ownerDesignName>
<useDomainConstraints>false</useDomainConstraints>
<use>1</use>
<logicalDatatype>LOGDT019</logicalDatatype>
<dataTypePrecision>10</dataTypePrecision>
<ownDataTypeParameters>,10,</ownDataTypeParameters>
<autoIncrementCycle>false</autoIncrementCycle>
</Column>
<Column name="rut" id="4379B9B0-F2CB-1819-9DBF-E26F0F1A2E16">
<createdBy>Dxtro</createdBy>
<createdTime>2025-09-15 23:51:47 UTC</createdTime>
<generatorID>99347858-6409-6F96-FA2E-17221B11A713</generatorID>
<ownerDesignName>Clinica_Diego_Ignacio_grupo22</ownerDesignName>
<useDomainConstraints>false</useDomainConstraints>
<use>1</use>
<logicalDatatype>LOGDT024</logicalDatatype>
<dataTypeSize>12</dataTypeSize>
<ownDataTypeParameters>12,,</ownDataTypeParameters>
<autoIncrementCycle>false</autoIncrementCycle>
</Column>
<Column name="nombre_completo" id="3F3496B1-37B4-CEAD-764A-D9F88B9431B3">
<createdBy>Dxtro</createdBy>
<createdTime>2025-09-15 23:51:47 UTC</createdTime>
<generatorID>A370360E-30D8-2782-BED8-0336403C0CDD</generatorID>
<ownerDesignName>Clinica_Diego_Ignacio_grupo22</ownerDesignName>
<useDomainConstraints>false</useDomainConstraints>
<use>1</use>
<logicalDatatype>LOGDT024</logicalDatatype>
<dataTypeSize>100</dataTypeSize>
<ownDataTypeParameters>100,,</ownDataTypeParameters>
<autoIncrementCycle>false</autoIncrementCycle>
</Column>
<Column name="fecha_ingreso" id="C9C72035-BCC7-CBCD-5D2C-5FB3EACAA5A4">
<createdBy>Dxtro</createdBy>
<createdTime>2025-09-15 23:51:47 UTC</createdTime>
<generatorID>79BB0A50-F65A-6664-B448-E07BDB763F7F</generatorID>
<ownerDesignName>Clinica_Diego_Ignacio_grupo22</ownerDesignName>
<useDomainConstraints>false</useDomainConstraints>
<use>1</use>
<logicalDatatype>LOGDT007</logicalDatatype>
<ownDataTypeParameters>,,</ownDataTypeParameters>
<autoIncrementCycle>false</autoIncrementCycle>
</Column>
<Column name="id_especialidad" id="31FBB152-BD65-1675-9EE8-DD034EE69750">
<createdBy>Dxtro</createdBy>
<createdTime>2025-09-15 23:51:47 UTC</createdTime>
<generatorID>8C82D3BE-0BFD-6AAD-B7C8-BB88D18B7F3E</generatorID>
<ownerDesignName>Clinica_Diego_Ignacio_grupo22</ownerDesignName>
<useDomainConstraints>false</useDomainConstraints>
<use>1</use>
<logicalDatatype>LOGDT019</logicalDatatype>
<dataTypePrecision>10</dataTypePrecision>
<ownDataTypeParameters>,,</ownDataTypeParameters>
<previousColumn>false</previousColumn>
<autoIncrementCycle>false</autoIncrementCycle>
<associations>
<colAssociation fkAssociation="A49A6046-A20F-75D5-26D6-5538BA1E635A" referredColumn="407DB7EA-4B34-8576-6EDB-A105C58E8CC7"/>
</associations>
</Column>
<Column name="id_unidad" id="C883034B-DAC3-A8BA-751F-7AB83D148F53">
<createdBy>Dxtro</createdBy>
<createdTime>2025-09-15 23:51:47 UTC</createdTime>
<generatorID>4FF77CC8-68F1-F9D2-F1DA-81348B8F345E</generatorID>
<ownerDesignName>Clinica_Diego_Ignacio_grupo22</ownerDesignName>
<useDomainConstraints>false</useDomainConstraints>
<use>1</use>
<logicalDatatype>LOGDT019</logicalDatatype>
<dataTypePrecision>10</dataTypePrecision>
<ownDataTypeParameters>,,</ownDataTypeParameters>
<previousColumn>false</previousColumn>
<autoIncrementCycle>false</autoIncrementCycle>
<associations>
<colAssociation fkAssociation="DFFE7624-7AD2-4363-1213-D3111AD23003" referredColumn="7E19B48E-70EE-9854-4024-ED83D3AF8342"/>
</associations>
</Column>
<Column name="id_afp" id="43B8D2DD-A6C1-5460-B667-E254BB397E9B">
<createdBy>Dxtro</createdBy>
<createdTime>2025-09-15 23:51:47 UTC</createdTime>
<generatorID>7AA3EFF9-0A95-02A7-47A8-520EEA527254</generatorID>
<ownerDesignName>Clinica_Diego_Ignacio_grupo22</ownerDesignName>
<useDomainConstraints>false</useDomainConstraints>
<use>1</use>
<logicalDatatype>LOGDT019</logicalDatatype>
<dataTypePrecision>10</dataTypePrecision>
<ownDataTypeParameters>,,</ownDataTypeParameters>
<previousColumn>false</previousColumn>
<autoIncrementCycle>false</autoIncrementCycle>
<associations>
<colAssociation fkAssociation="8099143E-C1DB-6E93-D9D5-95CEC142EBA6" referredColumn="F7BC2B8D-45C6-F379-CB9B-13C9AE80C5A0"/>
</associations>
</Column>
<Column name="id_institucion" id="EBAA4120-EECE-785F-4A29-A5D5733611FF">
<createdBy>Dxtro</createdBy>
<createdTime>2025-09-15 23:51:47 UTC</createdTime>
<generatorID>2B9A84F2-2D66-D85D-B76F-260DEDB55A94</generatorID>
<ownerDesignName>Clinica_Diego_Ignacio_grupo22</ownerDesignName>
<useDomainConstraints>false</useDomainConstraints>
<use>1</use>
<logicalDatatype>LOGDT019</logicalDatatype>
<dataTypePrecision>10</dataTypePrecision>
<ownDataTypeParameters>,,</ownDataTypeParameters>
<previousColumn>false</previousColumn>
<autoIncrementCycle>false</autoIncrementCycle>
<associations>
<colAssociation fkAssociation="AE11C6B4-A57F-502D-C675-8C02996AEC68" referredColumn="1660B81F-5EC0-43F2-B5E1-80CD1EFAB210"/>
</associations>
</Column>
<Column name="id_supervisor" id="23E2EE2E-2B06-0423-B9A2-785037456A4D">
<createdBy>Dxtro</createdBy>
<createdTime>2025-09-16 01:26:33 UTC</createdTime>
<ownerDesignName>Clinica_Diego_Ignacio_grupo22</ownerDesignName>
<useDomainConstraints>false</useDomainConstraints>
<use>1</use>
<logicalDatatype>LOGDT019</logicalDatatype>
<dataTypePrecision>10</dataTypePrecision>
<ownDataTypeParameters>,,</ownDataTypeParameters>
<autoIncrementCycle>false</autoIncrementCycle>
<associations>
<colAssociation fkAssociation="89581EF2-3B75-409E-5F36-B3629F40F494" referredColumn="16D6FF0F-86E9-2863-CCCB-EFCF7AE6EBD3"/>
</associations>
</Column>
</columns>
<indexes itemClass="oracle.dbtools.crest.model.design.relational.Index">
<ind_PK_UK id="F5CFC1D9-B8C4-E2AB-9139-A4BBD5F584E0" name="MEDICO_PK">
<createdBy>Dxtro</createdBy>
<createdTime>2025-09-15 23:51:47 UTC</createdTime>
<generatorID>667CA447-0979-C71B-BA87-967417767EE8</generatorID>
<ownerDesignName>Clinica_Diego_Ignacio_grupo22</ownerDesignName>
<pk>true</pk>
<indexState>Primary Constraint</indexState>
<isSurrogateKey>false</isSurrogateKey>
<indexColumnUsage>
<colUsage columnID="16D6FF0F-86E9-2863-CCCB-EFCF7AE6EBD3"/>
</indexColumnUsage>
</ind_PK_UK>
<ind_PK_UK id="3D70998D-F15F-B44F-EA44-C920F4DB13FD" name="UK_MEDICO_RUT">
<createdBy>Dxtro</createdBy>
<createdTime>2025-09-16 00:30:58 UTC</createdTime>
<ownerDesignName>Clinica_Diego_Ignacio_grupo22</ownerDesignName>
<indexState>Unique Constraint</indexState>
<isSurrogateKey>false</isSurrogateKey>
<indexColumnUsage>
<colUsage columnID="4379B9B0-F2CB-1819-9DBF-E26F0F1A2E16"/>
</indexColumnUsage>
</ind_PK_UK>
<ind_PK_UK id="EF7F60F9-E916-B0BD-12B9-A2A15A0EEE52" name="FK_MEDICO_ESPECIALIDAD">
<createdBy>Dxtro</createdBy>
<createdTime>2025-09-15 23:51:47 UTC</createdTime>
<generatorID>5D12A1DA-7E34-DF25-26C5-0B1E301485A9</generatorID>
<ownerDesignName>Clinica_Diego_Ignacio_grupo22</ownerDesignName>
<indexState>Foreign Key</indexState>
<isSurrogateKey>false</isSurrogateKey>
<indexColumnUsage>
<colUsage columnID="31FBB152-BD65-1675-9EE8-DD034EE69750"/>
</indexColumnUsage>
</ind_PK_UK>
<ind_PK_UK id="F5C01F41-D5BC-761B-F6C8-6FF0E98A6E2F" name="FK_MEDICO_UNIDAD">
<createdBy>Dxtro</createdBy>
<createdTime>2025-09-15 23:51:47 UTC</createdTime>
<generatorID>6CEB02EC-815F-267A-5684-DDE87FAAED02</generatorID>
<ownerDesignName>Clinica_Diego_Ignacio_grupo22</ownerDesignName>
<indexState>Foreign Key</indexState>
<isSurrogateKey>false</isSurrogateKey>
<indexColumnUsage>
<colUsage columnID="C883034B-DAC3-A8BA-751F-7AB83D148F53"/>
</indexColumnUsage>
</ind_PK_UK>
<ind_PK_UK id="913EEC41-E616-78EE-7DB7-1BE04ABD4D74" name="FK_MEDICO_AFP">
<createdBy>Dxtro</createdBy>
<createdTime>2025-09-15 23:51:47 UTC</createdTime>
<generatorID>75444279-8D5A-0B17-9285-2AFD81A0F8C6</generatorID>
<ownerDesignName>Clinica_Diego_Ignacio_grupo22</ownerDesignName>
<indexState>Foreign Key</indexState>
<isSurrogateKey>false</isSurrogateKey>
<indexColumnUsage>
<colUsage columnID="43B8D2DD-A6C1-5460-B667-E254BB397E9B"/>
</indexColumnUsage>
</ind_PK_UK>
<ind_PK_UK id="6B33D444-965E-F5F8-8216-76778F2954A1" name="FK_MEDICO_INSTITUCION">
<createdBy>Dxtro</createdBy>
<createdTime>2025-09-15 23:51:47 UTC</createdTime>
<generatorID>F2044B63-2875-87BC-2E9C-CEC845AC8407</generatorID>
<ownerDesignName>Clinica_Diego_Ignacio_grupo22</ownerDesignName>
<indexState>Foreign Key</indexState>
<isSurrogateKey>false</isSurrogateKey>
<indexColumnUsage>
<colUsage columnID="EBAA4120-EECE-785F-4A29-A5D5733611FF"/>
</indexColumnUsage>
</ind_PK_UK>
<ind_PK_UK id="849CE76F-27EE-38B4-F596-228C70349456" name="FK_MEDICO_SUPERVISOR">
<createdBy>Dxtro</createdBy>
<createdTime>2025-09-16 01:26:33 UTC</createdTime>
<ownerDesignName>Clinica_Diego_Ignacio_grupo22</ownerDesignName>
<indexState>Foreign Key</indexState>
<isSurrogateKey>false</isSurrogateKey>
<indexColumnUsage>
<colUsage columnID="23E2EE2E-2B06-0423-B9A2-785037456A4D"/>
</indexColumnUsage>
</ind_PK_UK>
</indexes>
</Table>