<?xml version = '1.0' encoding = 'UTF-8'?>
<Table class="oracle.dbtools.crest.model.design.relational.Table" directorySegmentName="seg_0" id="5D06641C-0287-DBF0-6365-C72915D5C6F0" name="UNIDAD_ATENCION">
<createdBy>Dxtro</createdBy>
<createdTime>2025-09-15 23:51:47 UTC</createdTime>
<generatorID>4CE80972-A780-9B75-40C5-2FD0F2ED7C47</generatorID>
<ownerDesignName>Clinica_Diego_Ignacio_grupo22</ownerDesignName>
<allowColumnReorder>false</allowColumnReorder>
<existDependencyGenerateInDDl>true</existDependencyGenerateInDDl>
<parsed>true</parsed>
<columns itemClass="oracle.dbtools.crest.model.design.relational.Column">
<Column name="id_unidad" id="7E19B48E-70EE-9854-4024-ED83D3AF8342">
<createdBy>Dxtro</createdBy>
<createdTime>2025-09-15 23:51:47 UTC</createdTime>
<generatorID>D54EDE13-83C1-D450-0B6B-F80B1B5C8E04</generatorID>
<ownerDesignName>Clinica_Diego_Ignacio_grupo22</ownerDesignName>
<useDomainConstraints>false</useDomainConstraints>
<use>1</use>
<logicalDatatype>LOGDT019</logicalDatatype>
<dataTypePrecision>10</dataTypePrecision>
<ownDataTypeParameters>,10,</ownDataTypeParameters>
<autoIncrementCycle>false</autoIncrementCycle>
</Column>
<Column name="nombre" id="70D630FB-769B-ADE4-56EF-B31E391FDF4F">
<createdBy>Dxtro</createdBy>
<createdTime>2025-09-15 23:51:47 UTC</createdTime>
<generatorID>1AF55115-114D-6D34-F618-BEC6FE5D19E1</generatorID>
<ownerDesignName>Clinica_Diego_Ignacio_grupo22</ownerDesignName>
<useDomainConstraints>false</useDomainConstraints>
<use>1</use>
<logicalDatatype>LOGDT024</logicalDatatype>
<dataTypeSize>60</dataTypeSize>
<ownDataTypeParameters>60,,</ownDataTypeParameters>
<autoIncrementCycle>false</autoIncrementCycle>
</Column>
</columns>
<indexes itemClass="oracle.dbtools.crest.model.design.relational.Index">
<ind_PK_UK id="35344FFF-D875-DB52-C41F-170BBED0293F" name="UNIDAD_ATENCION_PK">
<createdBy>Dxtro</createdBy>
<createdTime>2025-09-15 23:51:47 UTC</createdTime>
<generatorID>4C7BBC96-3B7C-9AF7-0E93-814F5177C02B</generatorID>
<ownerDesignName>Clinica_Diego_Ignacio_grupo22</ownerDesignName>
<pk>true</pk>
<indexState>Primary Constraint</indexState>
<isSurrogateKey>false</isSurrogateKey>
<indexColumnUsage>
<colUsage columnID="7E19B48E-70EE-9854-4024-ED83D3AF8342"/>
</indexColumnUsage>
</ind_PK_UK>
<ind_PK_UK id="E3B7E3D3-CE6C-25DC-3402-0B811735C5EB" name="UK_UNIDAD_ATENCION_NOMBRE">
<createdBy>Dxtro</createdBy>
<createdTime>2025-09-16 00:29:14 UTC</createdTime>
<ownerDesignName>Clinica_Diego_Ignacio_grupo22</ownerDesignName>
<indexState>Unique Constraint</indexState>
<isSurrogateKey>false</isSurrogateKey>
<indexColumnUsage>
<colUsage columnID="70D630FB-769B-ADE4-56EF-B31E391FDF4F"/>
</indexColumnUsage>
</ind_PK_UK>
</indexes>
</Table>