<?xml version = '1.0' encoding = 'UTF-8'?>
<Table class="oracle.dbtools.crest.model.design.relational.Table" directorySegmentName="seg_0" id="65C73698-3428-1B88-D13A-C6A2222A2435" name="PAGO_ATENCION">
<createdBy>Dxtro</createdBy>
<createdTime>2025-09-15 23:51:47 UTC</createdTime>
<generatorID>3CFFD6E7-3FB5-7FD5-3B8B-D5FFFA1C72C4</generatorID>
<ownerDesignName>Clinica_Diego_Ignacio_grupo22</ownerDesignName>
<allowColumnReorder>false</allowColumnReorder>
<existDependencyGenerateInDDl>true</existDependencyGenerateInDDl>
<parsed>true</parsed>
<columns itemClass="oracle.dbtools.crest.model.design.relational.Column">
<Column name="id_pago" id="E158CF2D-4A8B-B1EF-760F-ACCAB40747DD">
<createdBy>Dxtro</createdBy>
<createdTime>2025-09-15 23:51:47 UTC</createdTime>
<generatorID>17ED0C9F-D767-496B-0E3D-BF78EF285E10</generatorID>
<ownerDesignName>Clinica_Diego_Ignacio_grupo22</ownerDesignName>
<useDomainConstraints>false</useDomainConstraints>
<use>1</use>
<logicalDatatype>LOGDT019</logicalDatatype>
<dataTypePrecision>10</dataTypePrecision>
<ownDataTypeParameters>,10,</ownDataTypeParameters>
<autoIncrementCycle>false</autoIncrementCycle>
</Column>
<Column name="monto" id="72B5D7BB-783A-6F28-5674-BF047DC4BA66">
<createdBy>Dxtro</createdBy>
<createdTime>2025-09-15 23:51:47 UTC</createdTime>
<generatorID>E91CA4C8-6730-A46B-2936-E8C0A6115362</generatorID>
<ownerDesignName>Clinica_Diego_Ignacio_grupo22</ownerDesignName>
<useDomainConstraints>false</useDomainConstraints>
<use>1</use>
<logicalDatatype>LOGDT019</logicalDatatype>
<dataTypePrecision>10</dataTypePrecision>
<dataTypeScale>2</dataTypeScale>
<ownDataTypeParameters>,10,2</ownDataTypeParameters>
<autoIncrementCycle>false</autoIncrementCycle>
</Column>
<Column name="tipo_pago" id="75826A4F-C0D3-40DF-EACC-27B6B231E975">
<createdBy>Dxtro</createdBy>
<createdTime>2025-09-15 23:51:47 UTC</createdTime>
<generatorID>D0A65E67-E364-8B24-EAD2-14EC42E39ED8</generatorID>
<ownerDesignName>Clinica_Diego_Ignacio_grupo22</ownerDesignName>
<useDomainConstraints>false</useDomainConstraints>
<use>1</use>
<logicalDatatype>LOGDT024</logicalDatatype>
<dataTypeSize>10</dataTypeSize>
<ownDataTypeParameters>10,,</ownDataTypeParameters>
<autoIncrementCycle>false</autoIncrementCycle>
</Column>
<Column name="ATENCION_MEDICA_id_atencion" id="32B4B64D-1BC9-D204-8BBD-6232C9C3E9D8">
<createdBy>Dxtro</createdBy>
<createdTime>2025-09-15 23:51:47 UTC</createdTime>
<generatorID>52667FCB-8475-1B12-22CF-E9644FCE6DB4</generatorID>
<ownerDesignName>Clinica_Diego_Ignacio_grupo22</ownerDesignName>
<useDomainConstraints>false</useDomainConstraints>
<use>1</use>
<logicalDatatype>LOGDT019</logicalDatatype>
<dataTypePrecision>10</dataTypePrecision>
<ownDataTypeParameters>,,</ownDataTypeParameters>
<previousColumn>false</previousColumn>
<autoIncrementCycle>false</autoIncrementCycle>
<associations>
<colAssociation fkAssociation="8FD1B82C-C08F-FEC0-75FA-0A978BFFACBE" referredColumn="0D516DE1-7781-23EB-953B-BA98CD3E5C53"/>
</associations>
</Column>
</columns>
<indexes itemClass="oracle.dbtools.crest.model.design.relational.Index">
<ind_PK_UK id="AF2C79EC-8BE6-246D-E2D6-2F20D6B9B642" name="PAGO_ATENCION_PK">
<createdBy>Dxtro</createdBy>
<createdTime>2025-09-15 23:51:47 UTC</createdTime>
<generatorID>6D26DC79-0681-C876-20B2-6BF5888578F3</generatorID>
<ownerDesignName>Clinica_Diego_Ignacio_grupo22</ownerDesignName>
<pk>true</pk>
<indexState>Primary Constraint</indexState>
<isSurrogateKey>false</isSurrogateKey>
<indexColumnUsage>
<colUsage columnID="E158CF2D-4A8B-B1EF-760F-ACCAB40747DD"/>
</indexColumnUsage>
</ind_PK_UK>
<ind_PK_UK id="0614EF62-22B0-4CD9-EE72-D700622823EC" name="UK_PAGO_ATENCION_ID_ATENCION">
<createdBy>Dxtro</createdBy>
<createdTime>2025-09-16 00:18:38 UTC</createdTime>
<ownerDesignName>Clinica_Diego_Ignacio_grupo22</ownerDesignName>
<indexState>Unique Constraint</indexState>
<isSurrogateKey>false</isSurrogateKey>
<indexColumnUsage>
<colUsage columnID="32B4B64D-1BC9-D204-8BBD-6232C9C3E9D8"/>
</indexColumnUsage>
</ind_PK_UK>
<ind_PK_UK id="DF7DC8AA-4A5F-CE22-99AA-DBB6465D45C8" name="PAGO_ATENCION__IDX">
<createdBy>Dxtro</createdBy>
<createdTime>2025-09-15 23:51:47 UTC</createdTime>
<ownerDesignName>Clinica_Diego_Ignacio_grupo22</ownerDesignName>
<indexState>Unique Plain Index</indexState>
<isSurrogateKey>false</isSurrogateKey>
<relationGeneratorID>3809DAD4-A9E9-6A63-FCCF-76CAB6F8844F</relationGeneratorID>
<indexColumnUsage>
<colUsage columnID="32B4B64D-1BC9-D204-8BBD-6232C9C3E9D8"/>
</indexColumnUsage>
</ind_PK_UK>
<ind_PK_UK id="A6A7D7CC-4843-06F2-EC89-22559E4D2325" name="FK_PAGO_ATENCION_ATENCION_MEDICA">
<createdBy>Dxtro</createdBy>
<createdTime>2025-09-15 23:51:47 UTC</createdTime>
<generatorID>3809DAD4-A9E9-6A63-FCCF-76CAB6F8844F</generatorID>
<ownerDesignName>Clinica_Diego_Ignacio_grupo22</ownerDesignName>
<indexState>Foreign Key</indexState>
<isSurrogateKey>false</isSurrogateKey>
<indexColumnUsage>
<colUsage columnID="32B4B64D-1BC9-D204-8BBD-6232C9C3E9D8"/>
</indexColumnUsage>
</ind_PK_UK>
</indexes>
<tableCheckConstraints itemClass="oracle.dbtools.crest.model.design.constraint.TableLevelConstraint">
<tableCheckConstraint name="CHK_PAGO_ATENCION_TIPO" directorySegmentName="seg_0" id="E7172DB7-D04E-52AA-3B0A-DA18D3577CDA">
<createdBy>Dxtro</createdBy>
<createdTime>2025-09-16 01:42:47 UTC</createdTime>
<ownerDesignName>Clinica_Diego_Ignacio_grupo22</ownerDesignName>
<rule><![CDATA[tipo_pago IN ('efectivo','tarjeta','convenio')]]></rule>
</tableCheckConstraint>
</tableCheckConstraints>
</Table>