<?xml version = '1.0' encoding = 'UTF-8'?>
<Table class="oracle.dbtools.crest.model.design.relational.Table" directorySegmentName="seg_0" id="67A1BEF8-4E79-6641-DA8E-8D3E3F9E58B3" name="ATENCION_MEDICA">
<createdBy>Dxtro</createdBy>
<createdTime>2025-09-15 23:51:47 UTC</createdTime>
<generatorID>35B205D6-E00A-494C-37C2-5E2EBBAE23AA</generatorID>
<ownerDesignName>Clinica_Diego_Ignacio_grupo22</ownerDesignName>
<allowColumnReorder>false</allowColumnReorder>
<existDependencyGenerateInDDl>true</existDependencyGenerateInDDl>
<parsed>true</parsed>
<columns itemClass="oracle.dbtools.crest.model.design.relational.Column">
<Column name="id_atencion" id="0D516DE1-7781-23EB-953B-BA98CD3E5C53">
<createdBy>Dxtro</createdBy>
<createdTime>2025-09-15 23:51:47 UTC</createdTime>
<generatorID>212C4D70-938F-FB7F-D6D6-B890C10F23C5</generatorID>
<ownerDesignName>Clinica_Diego_Ignacio_grupo22</ownerDesignName>
<useDomainConstraints>false</useDomainConstraints>
<use>1</use>
<logicalDatatype>LOGDT019</logicalDatatype>
<dataTypePrecision>10</dataTypePrecision>
<ownDataTypeParameters>,10,</ownDataTypeParameters>
<autoIncrementCycle>false</autoIncrementCycle>
</Column>
<Column name="fecha_hora" id="2A147464-ED3E-2594-A523-7B7AD070B47F">
<createdBy>Dxtro</createdBy>
<createdTime>2025-09-15 23:51:47 UTC</createdTime>
<generatorID>BDF538FD-017B-B9E4-D4FF-D538F8B5DD80</generatorID>
<ownerDesignName>Clinica_Diego_Ignacio_grupo22</ownerDesignName>
<useDomainConstraints>false</useDomainConstraints>
<use>1</use>
<logicalDatatype>LOGDT015</logicalDatatype>
<ownDataTypeParameters>,,</ownDataTypeParameters>
<autoIncrementCycle>false</autoIncrementCycle>
</Column>
<Column name="tipo" id="1CCCDED9-F4E5-B0B5-2390-A9A3C546496A">
<createdBy>Dxtro</createdBy>
<createdTime>2025-09-15 23:51:47 UTC</createdTime>
<generatorID>4AE0E972-08EA-02DD-1DF2-2A5EC8FD751D</generatorID>
<ownerDesignName>Clinica_Diego_Ignacio_grupo22</ownerDesignName>
<useDomainConstraints>false</useDomainConstraints>
<use>1</use>
<logicalDatatype>LOGDT024</logicalDatatype>
<dataTypeSize>15</dataTypeSize>
<ownDataTypeParameters>15,,</ownDataTypeParameters>
<autoIncrementCycle>false</autoIncrementCycle>
</Column>
<Column name="diagnostico" id="F55ED3B4-D07A-1CC6-106A-D99CDD265301">
<createdBy>Dxtro</createdBy>
<createdTime>2025-09-15 23:51:47 UTC</createdTime>
<generatorID>D1B6A307-1C09-CB67-A9D1-C8B60947AF67</generatorID>
<ownerDesignName>Clinica_Diego_Ignacio_grupo22</ownerDesignName>
<useDomainConstraints>false</useDomainConstraints>
<use>1</use>
<logicalDatatype>LOGDT024</logicalDatatype>
<dataTypeSize>400</dataTypeSize>
<ownDataTypeParameters>400,,</ownDataTypeParameters>
<autoIncrementCycle>false</autoIncrementCycle>
</Column>
<Column name="id_paciente" id="8756191F-46B8-B977-1BE4-9A3822FB21BF">
<createdBy>Dxtro</createdBy>
<createdTime>2025-09-15 23:51:47 UTC</createdTime>
<generatorID>99572E23-48EA-53C2-4367-87119C743C03</generatorID>
<ownerDesignName>Clinica_Diego_Ignacio_grupo22</ownerDesignName>
<useDomainConstraints>false</useDomainConstraints>
<use>1</use>
<logicalDatatype>LOGDT019</logicalDatatype>
<dataTypePrecision>10</dataTypePrecision>
<ownDataTypeParameters>,,</ownDataTypeParameters>
<previousColumn>false</previousColumn>
<autoIncrementCycle>false</autoIncrementCycle>
<associations>
<colAssociation fkAssociation="5529C339-59B2-B0AF-4697-D593C7C3250C" referredColumn="5DD22871-B998-4B4C-5FFD-389C9E2062A2"/>
</associations>
</Column>
<Column name="id_medico" directorySegmentName="seg_0" id="DD0755E9-DD2D-2CB3-24E1-B0919BB8A352">
<createdBy>Dxtro</createdBy>
<createdTime>2025-09-16 01:02:47 UTC</createdTime>
<ownerDesignName>Clinica_Diego_Ignacio_grupo22</ownerDesignName>
<useDomainConstraints>false</useDomainConstraints>
<use>1</use>
<logicalDatatype>LOGDT019</logicalDatatype>
<dataTypePrecision>10</dataTypePrecision>
<ownDataTypeParameters>,,</ownDataTypeParameters>
<autoIncrementCycle>false</autoIncrementCycle>
<associations>
<colAssociation fkAssociation="DDC3B458-B9BF-E62F-1FA0-F2068AF2FAAD" referredColumn="16D6FF0F-86E9-2863-CCCB-EFCF7AE6EBD3"/>
</associations>
</Column>
<Column name="id_especialidad" directorySegmentName="seg_0" id="AC0080E4-75B8-D5E7-FEF2-65B919307C05">
<createdBy>Dxtro</createdBy>
<createdTime>2025-09-16 01:14:32 UTC</createdTime>
<ownerDesignName>Clinica_Diego_Ignacio_grupo22</ownerDesignName>
<useDomainConstraints>false</useDomainConstraints>
<use>1</use>
<logicalDatatype>LOGDT019</logicalDatatype>
<dataTypePrecision>10</dataTypePrecision>
<ownDataTypeParameters>,,</ownDataTypeParameters>
<autoIncrementCycle>false</autoIncrementCycle>
<associations>
<colAssociation fkAssociation="81A3E2AD-3AB6-A55C-B166-EE1C574F0491" referredColumn="407DB7EA-4B34-8576-6EDB-A105C58E8CC7"/>
</associations>
</Column>
</columns>
<indexes itemClass="oracle.dbtools.crest.model.design.relational.Index">
<ind_PK_UK id="C6D73CBD-6121-DFA5-E0F4-77FAC47F294A" name="ATENCION_MEDICA_PK">
<createdBy>Dxtro</createdBy>
<createdTime>2025-09-15 23:51:47 UTC</createdTime>
<generatorID>BB02BFC2-4F59-26DA-78B7-8418C84986A5</generatorID>
<ownerDesignName>Clinica_Diego_Ignacio_grupo22</ownerDesignName>
<pk>true</pk>
<indexState>Primary Constraint</indexState>
<isSurrogateKey>false</isSurrogateKey>
<indexColumnUsage>
<colUsage columnID="0D516DE1-7781-23EB-953B-BA98CD3E5C53"/>
</indexColumnUsage>
</ind_PK_UK>
<ind_PK_UK id="556F82CB-10B6-C658-443A-92E4C32235F0" name="UK_ATENCION_MEDICA_MEDICO_FECHAv2">
<createdBy>Dxtro</createdBy>
<createdTime>2025-09-16 01:02:47 UTC</createdTime>
<ownerDesignName>Clinica_Diego_Ignacio_grupo22</ownerDesignName>
<indexState>Unique Constraint</indexState>
<isSurrogateKey>false</isSurrogateKey>
<indexColumnUsage>
<colUsage columnID="DD0755E9-DD2D-2CB3-24E1-B0919BB8A352"/>
<colUsage columnID="2A147464-ED3E-2594-A523-7B7AD070B47F"/>
</indexColumnUsage>
</ind_PK_UK>
<ind_PK_UK id="989CAB7B-6E5E-2EF4-A9B2-57A1772D0202" name="FK_ATENCION_MEDICA_PACIENTEv2">
<createdBy>Dxtro</createdBy>
<createdTime>2025-09-15 23:51:47 UTC</createdTime>
<generatorID>6CC0CF5D-64CB-517B-1831-C525042AA4CF</generatorID>
<ownerDesignName>Clinica_Diego_Ignacio_grupo22</ownerDesignName>
<indexState>Foreign Key</indexState>
<isSurrogateKey>false</isSurrogateKey>
<indexColumnUsage>
<colUsage columnID="8756191F-46B8-B977-1BE4-9A3822FB21BF"/>
</indexColumnUsage>
</ind_PK_UK>
<ind_PK_UK id="27A9A4D5-5763-F0DB-489E-DC5F8D3B8A8B" name="FK_ATENCION_MEDICA_MEDICO">
<createdBy>Dxtro</createdBy>
<createdTime>2025-09-16 01:05:05 UTC</createdTime>
<ownerDesignName>Clinica_Diego_Ignacio_grupo22</ownerDesignName>
<indexState>Foreign Key</indexState>
<isSurrogateKey>false</isSurrogateKey>
<indexColumnUsage>
<colUsage columnID="DD0755E9-DD2D-2CB3-24E1-B0919BB8A352"/>
</indexColumnUsage>
</ind_PK_UK>
<ind_PK_UK id="1D1C6E3C-4126-F076-8401-99438B2DB589" name="FK_ATENCION_MEDICA_ESPECIALIDAD">
<createdBy>Dxtro</createdBy>
<createdTime>2025-09-16 01:16:05 UTC</createdTime>
<ownerDesignName>Clinica_Diego_Ignacio_grupo22</ownerDesignName>
<indexState>Foreign Key</indexState>
<isSurrogateKey>false</isSurrogateKey>
<indexColumnUsage>
<colUsage columnID="AC0080E4-75B8-D5E7-FEF2-65B919307C05"/>
</indexColumnUsage>
</ind_PK_UK>
</indexes>
<tableCheckConstraints itemClass="oracle.dbtools.crest.model.design.constraint.TableLevelConstraint">
<tableCheckConstraint name="CHK_ATENCION_MEDICA_TIPO" directorySegmentName="seg_0" id="54DCC730-51CB-59E2-1E11-9E0FDAE44264">
<createdBy>Dxtro</createdBy>
<createdTime>2025-09-16 01:42:26 UTC</createdTime>
<ownerDesignName>Clinica_Diego_Ignacio_grupo22</ownerDesignName>
<rule><![CDATA[tipo IN ('general','urgencia','preventiva')
]]></rule>
</tableCheckConstraint>
</tableCheckConstraints>
</Table>