<?xml version = '1.0' encoding = 'UTF-8'?>
<Table class="oracle.dbtools.crest.model.design.relational.Table" directorySegmentName="seg_0" id="1B03D34A-BD16-0677-A9CA-516079915694" name="planta">
<sourceDDLFile>CristaleriaAndina_S9.sql</sourceDDLFile>
<createdBy>Dxtro</createdBy>
<createdTime>2025-10-12 21:58:22 UTC</createdTime>
<ownerDesignName>CristaleriaAndina</ownerDesignName>
<importedID>70AA0B27-ECE9-0A7F-9E51-CC4E499917D6</importedID>
<allowColumnReorder>false</allowColumnReorder>
<existDependencyGenerateInDDl>true</existDependencyGenerateInDDl>
<parsed>true</parsed>
<columns itemClass="oracle.dbtools.crest.model.design.relational.Column">
<Column name="id_planta" id="1DFB0403-3D64-F487-4960-FDA232FCCDBC">
<sourceDDLFile>CristaleriaAndina_S9.sql</sourceDDLFile>
<createdBy>Dxtro</createdBy>
<createdTime>2025-10-12 21:58:22 UTC</createdTime>
<ownerDesignName>CristaleriaAndina</ownerDesignName>
<importedID>F7CB3EC2-714B-DD9B-4DC9-89CA53724346</importedID>
<use>0</use>
<logicalDatatype>LOGDT019</logicalDatatype>
<domain>CC0349CA-3447-C4F9-F391-57E4DEB55006</domain>
<ownDataTypeParameters>,,</ownDataTypeParameters>
<autoIncrementCycle>false</autoIncrementCycle>
</Column>
<Column name="nom_planta" id="9E74595D-788A-75F1-8F2D-8FA707B51089">
<sourceDDLFile>CristaleriaAndina_S9.sql</sourceDDLFile>
<createdBy>Dxtro</createdBy>
<createdTime>2025-10-12 21:58:22 UTC</createdTime>
<ownerDesignName>CristaleriaAndina</ownerDesignName>
<importedID>FB65406C-8C57-9159-6A5E-9DDCE2901E01</importedID>
<use>0</use>
<logicalDatatype>LOGDT024</logicalDatatype>
<domain>D9BB502B-F316-5F61-C670-9D4E19D6AD4B</domain>
<ownDataTypeParameters>,,</ownDataTypeParameters>
<autoIncrementCycle>false</autoIncrementCycle>
</Column>
<Column name="direccion" id="F9FE06DF-FC2C-40C0-B038-FF3FA4BAF8A1">
<sourceDDLFile>CristaleriaAndina_S9.sql</sourceDDLFile>
<createdBy>Dxtro</createdBy>
<createdTime>2025-10-12 21:58:22 UTC</createdTime>
<ownerDesignName>CristaleriaAndina</ownerDesignName>
<importedID>6EE4F658-7D15-ADCD-B385-5F57ECAADEA4</importedID>
<use>0</use>
<logicalDatatype>LOGDT024</logicalDatatype>
<domain>C3137591-ED27-3BBB-196E-0A89FFBB4C9D</domain>
<ownDataTypeParameters>,,</ownDataTypeParameters>
<autoIncrementCycle>false</autoIncrementCycle>
</Column>
<Column name="id_comuna" id="533C0587-23EB-776C-0845-CBF327FB7070">
<sourceDDLFile>CristaleriaAndina_S9.sql</sourceDDLFile>
<createdBy>Dxtro</createdBy>
<createdTime>2025-10-12 21:58:22 UTC</createdTime>
<ownerDesignName>CristaleriaAndina</ownerDesignName>
<importedID>F943CC6C-BA1C-EB20-185A-648736805955</importedID>
<use>0</use>
<logicalDatatype>LOGDT019</logicalDatatype>
<domain>75436FCC-6E7B-1031-45DE-4BE300CBCEF4</domain>
<ownDataTypeParameters>,,</ownDataTypeParameters>
<autoIncrementCycle>false</autoIncrementCycle>
<associations>
<colAssociation fkAssociation="34418E81-CC9D-74DF-F8D8-279AE22541FD" referredColumn="ECF3E377-188E-EC4C-BEB7-882BF80C1070"/>
</associations>
</Column>
</columns>
<indexes itemClass="oracle.dbtools.crest.model.design.relational.Index">
<ind_PK_UK id="3D9973B8-6BD7-8FDB-0EE2-A7FF875ECC8C" name="pk_planta">
<sourceDDLFile>CristaleriaAndina_S9.sql</sourceDDLFile>
<createdBy>Dxtro</createdBy>
<createdTime>2025-10-12 21:58:22 UTC</createdTime>
<ownerDesignName>CristaleriaAndina</ownerDesignName>
<importedID>123B715E-2614-F313-0B1B-FA8C3723ED8B</importedID>
<pk>true</pk>
<indexState>Primary Constraint</indexState>
<isSurrogateKey>false</isSurrogateKey>
<indexColumnUsage>
<colUsage columnID="1DFB0403-3D64-F487-4960-FDA232FCCDBC"/>
</indexColumnUsage>
</ind_PK_UK>
<ind_PK_UK id="C18DB2EE-76DA-6521-9C8D-C506E257096C" name="fk_planta_comuna">
<createdBy>Dxtro</createdBy>
<createdTime>2025-10-12 21:58:22 UTC</createdTime>
<ownerDesignName>CristaleriaAndina</ownerDesignName>
<indexState>Foreign Key</indexState>
<isSurrogateKey>false</isSurrogateKey>
<indexColumnUsage>
<colUsage columnID="533C0587-23EB-776C-0845-CBF327FB7070"/>
</indexColumnUsage>
</ind_PK_UK>
</indexes>
</Table>