<?xml version = '1.0' encoding = 'UTF-8'?>
<Table class="oracle.dbtools.crest.model.design.relational.Table" directorySegmentName="seg_0" id="57860DD6-0E61-F6D9-8812-13DCB24199E3" name="region">
<sourceDDLFile>CristaleriaAndina_S9.sql</sourceDDLFile>
<createdBy>Dxtro</createdBy>
<createdTime>2025-10-12 21:58:22 UTC</createdTime>
<ownerDesignName>CristaleriaAndina</ownerDesignName>
<importedID>35B77750-2081-8CAC-45F8-6A3A42E2FF9D</importedID>
<allowColumnReorder>false</allowColumnReorder>
<existDependencyGenerateInDDl>true</existDependencyGenerateInDDl>
<parsed>true</parsed>
<columns itemClass="oracle.dbtools.crest.model.design.relational.Column">
<Column name="id_region" id="2B61F1EB-E447-A968-6683-B4B4FECB8913">
<sourceDDLFile>CristaleriaAndina_S9.sql</sourceDDLFile>
<createdBy>Dxtro</createdBy>
<createdTime>2025-10-12 21:58:22 UTC</createdTime>
<ownerDesignName>CristaleriaAndina</ownerDesignName>
<importedID>F2705438-F5B8-14B0-4D04-F779C6F732F1</importedID>
<use>0</use>
<logicalDatatype>LOGDT019</logicalDatatype>
<domain>1057E144-0B77-1A8D-1B68-5FF92300AA93</domain>
<ownDataTypeParameters>,,</ownDataTypeParameters>
<autoIncrementCycle>false</autoIncrementCycle>
</Column>
<Column name="nom_region" id="92ECE2A7-A35F-D396-2914-D038B6E83E07">
<sourceDDLFile>CristaleriaAndina_S9.sql</sourceDDLFile>
<createdBy>Dxtro</createdBy>
<createdTime>2025-10-12 21:58:22 UTC</createdTime>
<ownerDesignName>CristaleriaAndina</ownerDesignName>
<importedID>126C2764-A2C8-904C-7C38-2D02AF7B9804</importedID>
<use>0</use>
<logicalDatatype>LOGDT024</logicalDatatype>
<domain>D9BB502B-F316-5F61-C670-9D4E19D6AD4B</domain>
<ownDataTypeParameters>,,</ownDataTypeParameters>
<autoIncrementCycle>false</autoIncrementCycle>
</Column>
</columns>
<indexes itemClass="oracle.dbtools.crest.model.design.relational.Index">
<ind_PK_UK id="F3E0445A-8AE5-195C-FFDA-FC8E41664A49" name="pk_region">
<sourceDDLFile>CristaleriaAndina_S9.sql</sourceDDLFile>
<createdBy>Dxtro</createdBy>
<createdTime>2025-10-12 21:58:22 UTC</createdTime>
<ownerDesignName>CristaleriaAndina</ownerDesignName>
<importedID>3F7C59EB-8357-36EA-17AA-074AEEC00B9C</importedID>
<pk>true</pk>
<indexState>Primary Constraint</indexState>
<isSurrogateKey>false</isSurrogateKey>
<indexColumnUsage>
<colUsage columnID="2B61F1EB-E447-A968-6683-B4B4FECB8913"/>
</indexColumnUsage>
</ind_PK_UK>
<ind_PK_UK id="53739C57-2244-BA2A-2191-E93F1CE516F8" name="uq_region_nombre">
<sourceDDLFile>CristaleriaAndina_S9.sql</sourceDDLFile>
<createdBy>Dxtro</createdBy>
<createdTime>2025-10-12 21:58:22 UTC</createdTime>
<ownerDesignName>CristaleriaAndina</ownerDesignName>
<importedID>1DBAC9D4-CD3B-FCAD-5080-0A4EE1F3BA83</importedID>
<indexState>Unique Constraint</indexState>
<isSurrogateKey>false</isSurrogateKey>
<indexColumnUsage>
<colUsage columnID="92ECE2A7-A35F-D396-2914-D038B6E83E07"/>
</indexColumnUsage>
</ind_PK_UK>
</indexes>
</Table>