<?xml version = '1.0' encoding = 'UTF-8'?>
<Table class="oracle.dbtools.crest.model.design.relational.Table" directorySegmentName="seg_0" id="68A7BA4B-4FAE-DD7D-C350-4C4EE4C550A3" name="maquina">
<sourceDDLFile>CristaleriaAndina_S9.sql</sourceDDLFile>
<createdBy>Dxtro</createdBy>
<createdTime>2025-10-12 21:58:22 UTC</createdTime>
<ownerDesignName>CristaleriaAndina</ownerDesignName>
<importedID>A894F99A-2206-5C3E-F16E-B39874B29352</importedID>
<allowColumnReorder>false</allowColumnReorder>
<existDependencyGenerateInDDl>true</existDependencyGenerateInDDl>
<parsed>true</parsed>
<columns itemClass="oracle.dbtools.crest.model.design.relational.Column">
<Column name="id_maquina" id="BF458256-E707-4124-3235-D9FC09773714">
<sourceDDLFile>CristaleriaAndina_S9.sql</sourceDDLFile>
<createdBy>Dxtro</createdBy>
<createdTime>2025-10-12 21:58:22 UTC</createdTime>
<ownerDesignName>CristaleriaAndina</ownerDesignName>
<importedID>040B4E54-5C76-245C-4D57-3BB482E1E047</importedID>
<use>0</use>
<logicalDatatype>LOGDT019</logicalDatatype>
<domain>2764B41A-D719-9635-8EDA-C1C7BE21A978</domain>
<ownDataTypeParameters>,,</ownDataTypeParameters>
<autoIncrementCycle>false</autoIncrementCycle>
</Column>
<Column name="numero_maquina" id="45EA9C48-0360-5975-18BB-0D2A7231ED7A">
<sourceDDLFile>CristaleriaAndina_S9.sql</sourceDDLFile>
<createdBy>Dxtro</createdBy>
<createdTime>2025-10-12 21:58:22 UTC</createdTime>
<ownerDesignName>CristaleriaAndina</ownerDesignName>
<importedID>A426CFDB-4433-5D7E-3E74-47B657E49D42</importedID>
<use>0</use>
<logicalDatatype>LOGDT019</logicalDatatype>
<domain>CC0349CA-3447-C4F9-F391-57E4DEB55006</domain>
<ownDataTypeParameters>,,</ownDataTypeParameters>
<autoIncrementCycle>false</autoIncrementCycle>
</Column>
<Column name="nom_maquina" id="F90DF207-8473-D224-3B1A-47F6BDCBBEE2">
<sourceDDLFile>CristaleriaAndina_S9.sql</sourceDDLFile>
<createdBy>Dxtro</createdBy>
<createdTime>2025-10-12 21:58:22 UTC</createdTime>
<ownerDesignName>CristaleriaAndina</ownerDesignName>
<importedID>789703E1-F4D8-EC7D-3C95-00CF60D81A6B</importedID>
<use>0</use>
<logicalDatatype>LOGDT024</logicalDatatype>
<domain>D9BB502B-F316-5F61-C670-9D4E19D6AD4B</domain>
<ownDataTypeParameters>,,</ownDataTypeParameters>
<autoIncrementCycle>false</autoIncrementCycle>
</Column>
<Column name="activo" id="0EAEA2BB-BA1C-AA66-AC0E-6408783846CB">
<sourceDDLFile>CristaleriaAndina_S9.sql</sourceDDLFile>
<createdBy>Dxtro</createdBy>
<createdTime>2025-10-12 21:58:22 UTC</createdTime>
<ownerDesignName>CristaleriaAndina</ownerDesignName>
<importedID>50987D55-9377-5FF0-C74C-A19719886A0F</importedID>
<use>0</use>
<logicalDatatype>LOGDT025</logicalDatatype>
<domain>CB42BF6E-8894-946F-13C6-7B5E0A8F8CCF</domain>
<defaultValue>&apos;S&apos;</defaultValue>
<ownDataTypeParameters>,,</ownDataTypeParameters>
<autoIncrementCycle>false</autoIncrementCycle>
</Column>
<Column name="id_planta" id="8F05DAFD-9FBF-1A62-4BF8-FF24F82B6068">
<sourceDDLFile>CristaleriaAndina_S9.sql</sourceDDLFile>
<createdBy>Dxtro</createdBy>
<createdTime>2025-10-12 21:58:22 UTC</createdTime>
<ownerDesignName>CristaleriaAndina</ownerDesignName>
<importedID>D5A840D4-C563-C158-0CC8-A39AA2B83322</importedID>
<use>0</use>
<logicalDatatype>LOGDT019</logicalDatatype>
<domain>CC0349CA-3447-C4F9-F391-57E4DEB55006</domain>
<ownDataTypeParameters>,,</ownDataTypeParameters>
<autoIncrementCycle>false</autoIncrementCycle>
<associations>
<colAssociation fkAssociation="C2A0715D-CC51-10BE-894C-3F48F5DAF13C" referredColumn="1DFB0403-3D64-F487-4960-FDA232FCCDBC"/>
</associations>
</Column>
<Column name="id_tipo" id="98434DD4-C463-5F91-D9D8-C1ABFE6A33EA">
<sourceDDLFile>CristaleriaAndina_S9.sql</sourceDDLFile>
<createdBy>Dxtro</createdBy>
<createdTime>2025-10-12 21:58:22 UTC</createdTime>
<ownerDesignName>CristaleriaAndina</ownerDesignName>
<importedID>2ED73E62-76AC-A6A8-6B82-92655A2B011F</importedID>
<use>0</use>
<logicalDatatype>LOGDT019</logicalDatatype>
<domain>CC0349CA-3447-C4F9-F391-57E4DEB55006</domain>
<ownDataTypeParameters>,,</ownDataTypeParameters>
<autoIncrementCycle>false</autoIncrementCycle>
<associations>
<colAssociation fkAssociation="1B7666B9-EAAB-6659-E250-3957BE6760E2" referredColumn="AA11CD53-35A6-D564-A36C-BCE16D2B2119"/>
</associations>
</Column>
</columns>
<indexes itemClass="oracle.dbtools.crest.model.design.relational.Index">
<ind_PK_UK id="CB48BE1D-6CD6-A023-0BD7-7ABE3196E83E" name="pk_maquina">
<sourceDDLFile>CristaleriaAndina_S9.sql</sourceDDLFile>
<createdBy>Dxtro</createdBy>
<createdTime>2025-10-12 21:58:22 UTC</createdTime>
<ownerDesignName>CristaleriaAndina</ownerDesignName>
<importedID>870C55B0-99F6-7AB5-D721-D244AE33CA4B</importedID>
<pk>true</pk>
<indexState>Primary Constraint</indexState>
<isSurrogateKey>false</isSurrogateKey>
<indexColumnUsage>
<colUsage columnID="BF458256-E707-4124-3235-D9FC09773714"/>
</indexColumnUsage>
</ind_PK_UK>
<ind_PK_UK id="01FE5D60-AD3F-A272-2E21-B657D6AD63FA" name="uq_maquina_cod">
<sourceDDLFile>CristaleriaAndina_S9.sql</sourceDDLFile>
<createdBy>Dxtro</createdBy>
<createdTime>2025-10-12 21:58:22 UTC</createdTime>
<ownerDesignName>CristaleriaAndina</ownerDesignName>
<importedID>A701E989-A718-5966-67C0-7147FD8B257E</importedID>
<indexState>Unique Constraint</indexState>
<isSurrogateKey>false</isSurrogateKey>
<indexColumnUsage>
<colUsage columnID="45EA9C48-0360-5975-18BB-0D2A7231ED7A"/>
<colUsage columnID="8F05DAFD-9FBF-1A62-4BF8-FF24F82B6068"/>
</indexColumnUsage>
</ind_PK_UK>
<ind_PK_UK id="EA094E49-D31E-508E-7627-3144BC941F9B" name="fk_maquina_planta">
<createdBy>Dxtro</createdBy>
<createdTime>2025-10-12 21:58:22 UTC</createdTime>
<ownerDesignName>CristaleriaAndina</ownerDesignName>
<indexState>Foreign Key</indexState>
<isSurrogateKey>false</isSurrogateKey>
<indexColumnUsage>
<colUsage columnID="8F05DAFD-9FBF-1A62-4BF8-FF24F82B6068"/>
</indexColumnUsage>
</ind_PK_UK>
<ind_PK_UK id="2DB630EF-D0E0-1F5C-84DC-61E0D41A4E28" name="fk_maquina_tipo">
<createdBy>Dxtro</createdBy>
<createdTime>2025-10-12 21:58:22 UTC</createdTime>
<ownerDesignName>CristaleriaAndina</ownerDesignName>
<indexState>Foreign Key</indexState>
<isSurrogateKey>false</isSurrogateKey>
<indexColumnUsage>
<colUsage columnID="98434DD4-C463-5F91-D9D8-C1ABFE6A33EA"/>
</indexColumnUsage>
</ind_PK_UK>
</indexes>
<tableCheckConstraints itemClass="oracle.dbtools.crest.model.design.constraint.TableLevelConstraint">
<tableCheckConstraint name="ck_maquina_activo" directorySegmentName="seg_0" id="76D48F44-7551-4F23-859F-1C5497E43BCC">
<sourceDDLFile>CristaleriaAndina_S9.sql</sourceDDLFile>
<createdBy>Dxtro</createdBy>
<createdTime>2025-10-12 21:58:22 UTC</createdTime>
<ownerDesignName>CristaleriaAndina</ownerDesignName>
<importedID>AE5A4773-7258-7B6D-689D-3734B5467190</importedID>
<rule><![CDATA[activo IN ('S','N')]]></rule>
</tableCheckConstraint>
</tableCheckConstraints>
</Table>