<?xml version = '1.0' encoding = 'UTF-8'?>
<Table class="oracle.dbtools.crest.model.design.relational.Table" directorySegmentName="seg_0" id="81B505D8-AA1F-2A6D-A25D-D7EEA6F161FC" name="orden_mantencion">
<sourceDDLFile>CristaleriaAndina_S9.sql</sourceDDLFile>
<createdBy>Dxtro</createdBy>
<createdTime>2025-10-12 21:58:22 UTC</createdTime>
<ownerDesignName>CristaleriaAndina</ownerDesignName>
<importedID>5CA5F011-A2A5-1746-2336-342A35DAB1FB</importedID>
<allowColumnReorder>false</allowColumnReorder>
<existDependencyGenerateInDDl>true</existDependencyGenerateInDDl>
<parsed>true</parsed>
<columns itemClass="oracle.dbtools.crest.model.design.relational.Column">
<Column name="id_orden" id="E5BC9A51-0101-67F3-26F4-648877B90C48">
<sourceDDLFile>CristaleriaAndina_S9.sql</sourceDDLFile>
<createdBy>Dxtro</createdBy>
<createdTime>2025-10-12 21:58:22 UTC</createdTime>
<ownerDesignName>CristaleriaAndina</ownerDesignName>
<importedID>0AB16228-16DC-1DD3-AAE7-C5BD3EEABC74</importedID>
<use>0</use>
<logicalDatatype>LOGDT019</logicalDatatype>
<domain>2764B41A-D719-9635-8EDA-C1C7BE21A978</domain>
<ownDataTypeParameters>,,</ownDataTypeParameters>
<autoIncrementCycle>false</autoIncrementCycle>
</Column>
<Column name="id_maquina" id="F4864128-4CCD-0660-5E42-CBEC6C6C3CDF">
<sourceDDLFile>CristaleriaAndina_S9.sql</sourceDDLFile>
<createdBy>Dxtro</createdBy>
<createdTime>2025-10-12 21:58:22 UTC</createdTime>
<ownerDesignName>CristaleriaAndina</ownerDesignName>
<importedID>A773BDF2-C858-FF53-FB8B-C45F0B0F2135</importedID>
<use>0</use>
<logicalDatatype>LOGDT019</logicalDatatype>
<domain>2764B41A-D719-9635-8EDA-C1C7BE21A978</domain>
<ownDataTypeParameters>,,</ownDataTypeParameters>
<autoIncrementCycle>false</autoIncrementCycle>
<associations>
<colAssociation fkAssociation="7B4AE4B8-90EE-DA2A-42E9-02D090B49D13" referredColumn="BF458256-E707-4124-3235-D9FC09773714"/>
</associations>
</Column>
<Column name="id_tecnico" id="E07A856A-6B13-49E8-7A71-1A098287C8F8">
<sourceDDLFile>CristaleriaAndina_S9.sql</sourceDDLFile>
<createdBy>Dxtro</createdBy>
<createdTime>2025-10-12 21:58:22 UTC</createdTime>
<ownerDesignName>CristaleriaAndina</ownerDesignName>
<importedID>8FA4E6BC-2026-0866-5D5B-A5F0413C935C</importedID>
<use>0</use>
<logicalDatatype>LOGDT019</logicalDatatype>
<domain>2764B41A-D719-9635-8EDA-C1C7BE21A978</domain>
<ownDataTypeParameters>,,</ownDataTypeParameters>
<autoIncrementCycle>false</autoIncrementCycle>
<associations>
<colAssociation fkAssociation="1E7E0A1A-2DDE-07CC-EF0E-CC636B38F254" referredColumn="F1368D6F-55CF-B442-C4AB-4CBFF1CB6680"/>
</associations>
</Column>
<Column name="fecha_prog" id="DFF30846-FE58-5F6C-519F-9D37F9D658AF">
<sourceDDLFile>CristaleriaAndina_S9.sql</sourceDDLFile>
<createdBy>Dxtro</createdBy>
<createdTime>2025-10-12 21:58:22 UTC</createdTime>
<ownerDesignName>CristaleriaAndina</ownerDesignName>
<importedID>06BA5240-FC67-7238-F51D-CF4086DA4246</importedID>
<use>0</use>
<logicalDatatype>LOGDT007</logicalDatatype>
<domain>69E2DB3E-A638-34B7-74EE-E2756A2B95EF</domain>
<ownDataTypeParameters>,,</ownDataTypeParameters>
<autoIncrementCycle>false</autoIncrementCycle>
</Column>
<Column name="fecha_ejec" id="F1F5CD7A-407E-4A17-AA45-38AC6C394BEF">
<sourceDDLFile>CristaleriaAndina_S9.sql</sourceDDLFile>
<createdBy>Dxtro</createdBy>
<createdTime>2025-10-12 21:58:22 UTC</createdTime>
<ownerDesignName>CristaleriaAndina</ownerDesignName>
<importedID>560E536B-D1DF-2F74-E636-97381C77ADFD</importedID>
<nullsAllowed>true</nullsAllowed>
<use>0</use>
<logicalDatatype>LOGDT007</logicalDatatype>
<domain>69E2DB3E-A638-34B7-74EE-E2756A2B95EF</domain>
<ownDataTypeParameters>,,</ownDataTypeParameters>
<autoIncrementCycle>false</autoIncrementCycle>
</Column>
<Column name="descripcion" id="5C0C69F7-769C-4581-F68F-85400176B128">
<sourceDDLFile>CristaleriaAndina_S9.sql</sourceDDLFile>
<createdBy>Dxtro</createdBy>
<createdTime>2025-10-12 21:58:22 UTC</createdTime>
<ownerDesignName>CristaleriaAndina</ownerDesignName>
<importedID>9EA763E8-C4DD-8864-FB19-83B7F41771B3</importedID>
<nullsAllowed>true</nullsAllowed>
<use>0</use>
<logicalDatatype>LOGDT024</logicalDatatype>
<domain>25C73CE5-8FF2-4E45-4BB5-789E94EE42C9</domain>
<ownDataTypeParameters>,,</ownDataTypeParameters>
<autoIncrementCycle>false</autoIncrementCycle>
</Column>
</columns>
<indexes itemClass="oracle.dbtools.crest.model.design.relational.Index">
<ind_PK_UK id="40430A70-8BB3-3CCA-6768-07139C11EDBB" name="pk_orden">
<sourceDDLFile>CristaleriaAndina_S9.sql</sourceDDLFile>
<createdBy>Dxtro</createdBy>
<createdTime>2025-10-12 21:58:22 UTC</createdTime>
<ownerDesignName>CristaleriaAndina</ownerDesignName>
<importedID>13999074-4AC0-075F-FD25-DF57048D708A</importedID>
<pk>true</pk>
<indexState>Primary Constraint</indexState>
<isSurrogateKey>false</isSurrogateKey>
<indexColumnUsage>
<colUsage columnID="E5BC9A51-0101-67F3-26F4-648877B90C48"/>
</indexColumnUsage>
</ind_PK_UK>
<ind_PK_UK id="F554B950-68F2-0F1F-E986-8FAB5DF9D7F7" name="fk_orden_maquina">
<createdBy>Dxtro</createdBy>
<createdTime>2025-10-12 21:58:22 UTC</createdTime>
<ownerDesignName>CristaleriaAndina</ownerDesignName>
<indexState>Foreign Key</indexState>
<isSurrogateKey>false</isSurrogateKey>
<indexColumnUsage>
<colUsage columnID="F4864128-4CCD-0660-5E42-CBEC6C6C3CDF"/>
</indexColumnUsage>
</ind_PK_UK>
<ind_PK_UK id="3201B2E7-013C-D169-2F40-A688D0CB966D" name="fk_orden_tecnico">
<createdBy>Dxtro</createdBy>
<createdTime>2025-10-12 21:58:22 UTC</createdTime>
<ownerDesignName>CristaleriaAndina</ownerDesignName>
<indexState>Foreign Key</indexState>
<isSurrogateKey>false</isSurrogateKey>
<indexColumnUsage>
<colUsage columnID="E07A856A-6B13-49E8-7A71-1A098287C8F8"/>
</indexColumnUsage>
</ind_PK_UK>
</indexes>
<tableCheckConstraints itemClass="oracle.dbtools.crest.model.design.constraint.TableLevelConstraint">
<tableCheckConstraint name="ck_orden_fechas" directorySegmentName="seg_0" id="C56901BB-1B1F-73CC-93A0-E382C5BD5E01">
<sourceDDLFile>CristaleriaAndina_S9.sql</sourceDDLFile>
<createdBy>Dxtro</createdBy>
<createdTime>2025-10-12 21:58:22 UTC</createdTime>
<ownerDesignName>CristaleriaAndina</ownerDesignName>
<importedID>A5CBE5CE-280E-CBBB-8800-3D246D18D1B5</importedID>
<rule><![CDATA[fecha_ejec IS NULL OR fecha_ejec >= fecha_prog]]></rule>
</tableCheckConstraint>
</tableCheckConstraints>
</Table>