<?xml version = '1.0' encoding = 'UTF-8'?>
<Table class="oracle.dbtools.crest.model.design.relational.Table" directorySegmentName="seg_0" id="88ADB0FE-1E31-3100-83D4-A1F61C5B0C3A" name="tipo_maquina">
<sourceDDLFile>CristaleriaAndina_S9.sql</sourceDDLFile>
<createdBy>Dxtro</createdBy>
<createdTime>2025-10-12 21:58:22 UTC</createdTime>
<ownerDesignName>CristaleriaAndina</ownerDesignName>
<importedID>C0A031CA-620E-55AF-6390-FEEBD5C2DEDB</importedID>
<allowColumnReorder>false</allowColumnReorder>
<existDependencyGenerateInDDl>true</existDependencyGenerateInDDl>
<parsed>true</parsed>
<columns itemClass="oracle.dbtools.crest.model.design.relational.Column">
<Column name="id_tipo" id="AA11CD53-35A6-D564-A36C-BCE16D2B2119">
<sourceDDLFile>CristaleriaAndina_S9.sql</sourceDDLFile>
<createdBy>Dxtro</createdBy>
<createdTime>2025-10-12 21:58:22 UTC</createdTime>
<ownerDesignName>CristaleriaAndina</ownerDesignName>
<importedID>0A1A54E9-9F01-FB4F-0066-C2281F8CEE7B</importedID>
<use>0</use>
<logicalDatatype>LOGDT019</logicalDatatype>
<domain>CC0349CA-3447-C4F9-F391-57E4DEB55006</domain>
<ownDataTypeParameters>,,</ownDataTypeParameters>
<autoIncrementCycle>false</autoIncrementCycle>
</Column>
<Column name="nom_tipo" id="DD890830-FCA8-599F-E12E-4DAA61F466BB">
<sourceDDLFile>CristaleriaAndina_S9.sql</sourceDDLFile>
<createdBy>Dxtro</createdBy>
<createdTime>2025-10-12 21:58:22 UTC</createdTime>
<ownerDesignName>CristaleriaAndina</ownerDesignName>
<importedID>69AFF3A0-AAF7-E71F-CB66-72FD50916BC8</importedID>
<use>0</use>
<logicalDatatype>LOGDT024</logicalDatatype>
<domain>AD0A7793-1F2B-B7C3-D100-18A96B2FF1EC</domain>
<ownDataTypeParameters>,,</ownDataTypeParameters>
<autoIncrementCycle>false</autoIncrementCycle>
</Column>
</columns>
<indexes itemClass="oracle.dbtools.crest.model.design.relational.Index">
<ind_PK_UK id="AC6F2D43-2ABC-51BC-F30D-77A6E8837036" name="pk_tipo_maquina">
<sourceDDLFile>CristaleriaAndina_S9.sql</sourceDDLFile>
<createdBy>Dxtro</createdBy>
<createdTime>2025-10-12 21:58:22 UTC</createdTime>
<ownerDesignName>CristaleriaAndina</ownerDesignName>
<importedID>6ABA507B-D96C-A0D5-27B9-C0E479645144</importedID>
<pk>true</pk>
<indexState>Primary Constraint</indexState>
<isSurrogateKey>false</isSurrogateKey>
<indexColumnUsage>
<colUsage columnID="AA11CD53-35A6-D564-A36C-BCE16D2B2119"/>
</indexColumnUsage>
</ind_PK_UK>
<ind_PK_UK id="145439C5-AF75-8C6F-846A-FE24C14127CE" name="uq_tipo_maquina_nombre">
<sourceDDLFile>CristaleriaAndina_S9.sql</sourceDDLFile>
<createdBy>Dxtro</createdBy>
<createdTime>2025-10-12 21:58:22 UTC</createdTime>
<ownerDesignName>CristaleriaAndina</ownerDesignName>
<importedID>5D0B4CD6-A42D-CCE3-A8BD-1D5196636AF3</importedID>
<indexState>Unique Constraint</indexState>
<isSurrogateKey>false</isSurrogateKey>
<indexColumnUsage>
<colUsage columnID="DD890830-FCA8-599F-E12E-4DAA61F466BB"/>
</indexColumnUsage>
</ind_PK_UK>
</indexes>
</Table>