<?xml version = '1.0' encoding = 'UTF-8'?>
<Table class="oracle.dbtools.crest.model.design.relational.Table" directorySegmentName="seg_0" id="8F056B3F-6543-4A9D-298A-4ED9B8B48A05" name="empleado">
<sourceDDLFile>CristaleriaAndina_S9.sql</sourceDDLFile>
<createdBy>Dxtro</createdBy>
<createdTime>2025-10-12 21:58:22 UTC</createdTime>
<ownerDesignName>CristaleriaAndina</ownerDesignName>
<importedID>D68DC17F-8372-0505-8B11-6C36194CC792</importedID>
<allowColumnReorder>false</allowColumnReorder>
<existDependencyGenerateInDDl>true</existDependencyGenerateInDDl>
<parsed>true</parsed>
<columns itemClass="oracle.dbtools.crest.model.design.relational.Column">
<Column name="id_empleado" id="42CA9797-A8D4-DFB7-ED61-A0D69FFCEFEB">
<sourceDDLFile>CristaleriaAndina_S9.sql</sourceDDLFile>
<createdBy>Dxtro</createdBy>
<createdTime>2025-10-12 21:58:22 UTC</createdTime>
<ownerDesignName>CristaleriaAndina</ownerDesignName>
<importedID>DDF72022-AE3C-5D63-77B4-00C442087232</importedID>
<use>0</use>
<logicalDatatype>LOGDT019</logicalDatatype>
<domain>2764B41A-D719-9635-8EDA-C1C7BE21A978</domain>
<ownDataTypeParameters>,,</ownDataTypeParameters>
<autoIncrementCycle>false</autoIncrementCycle>
</Column>
<Column name="rut" id="C4BD58AD-5B9F-C34F-235A-4AEAE6F65C7D">
<sourceDDLFile>CristaleriaAndina_S9.sql</sourceDDLFile>
<createdBy>Dxtro</createdBy>
<createdTime>2025-10-12 21:58:22 UTC</createdTime>
<ownerDesignName>CristaleriaAndina</ownerDesignName>
<importedID>69F731C9-AA89-EE7B-51F8-D231B4C257EC</importedID>
<use>0</use>
<logicalDatatype>LOGDT024</logicalDatatype>
<domain>D4A2A0A0-7249-6690-B7BC-DD442B391F80</domain>
<ownDataTypeParameters>,,</ownDataTypeParameters>
<autoIncrementCycle>false</autoIncrementCycle>
</Column>
<Column name="nombres" id="606D037A-F602-9C84-C08C-D6A183F51D95">
<sourceDDLFile>CristaleriaAndina_S9.sql</sourceDDLFile>
<createdBy>Dxtro</createdBy>
<createdTime>2025-10-12 21:58:22 UTC</createdTime>
<ownerDesignName>CristaleriaAndina</ownerDesignName>
<importedID>DF2833F9-522E-B3A6-2708-A66F3CE307BF</importedID>
<use>0</use>
<logicalDatatype>LOGDT024</logicalDatatype>
<domain>B0F99D92-1259-6CB3-3AA2-CC565E70F1C3</domain>
<ownDataTypeParameters>,,</ownDataTypeParameters>
<autoIncrementCycle>false</autoIncrementCycle>
</Column>
<Column name="apellido_paterno" id="3B90C7BE-EC92-9BF9-2FE4-21EE3CD242B8">
<sourceDDLFile>CristaleriaAndina_S9.sql</sourceDDLFile>
<createdBy>Dxtro</createdBy>
<createdTime>2025-10-12 21:58:22 UTC</createdTime>
<ownerDesignName>CristaleriaAndina</ownerDesignName>
<importedID>0D4A6231-E689-4692-D61B-C479A267C20B</importedID>
<use>0</use>
<logicalDatatype>LOGDT024</logicalDatatype>
<domain>AD94B195-797D-CBB8-05F5-05EEEC6A5216</domain>
<ownDataTypeParameters>,,</ownDataTypeParameters>
<autoIncrementCycle>false</autoIncrementCycle>
</Column>
<Column name="apellido_materno" id="D8C949DE-3575-A40A-B3E4-3AC4F32B4241">
<sourceDDLFile>CristaleriaAndina_S9.sql</sourceDDLFile>
<createdBy>Dxtro</createdBy>
<createdTime>2025-10-12 21:58:22 UTC</createdTime>
<ownerDesignName>CristaleriaAndina</ownerDesignName>
<importedID>000068CF-53A5-9EBF-4046-F8930A7E3D5F</importedID>
<nullsAllowed>true</nullsAllowed>
<use>0</use>
<logicalDatatype>LOGDT024</logicalDatatype>
<domain>AD94B195-797D-CBB8-05F5-05EEEC6A5216</domain>
<ownDataTypeParameters>,,</ownDataTypeParameters>
<autoIncrementCycle>false</autoIncrementCycle>
</Column>
<Column name="fecha_contratacion" id="AA1CAE68-3DCA-5B73-3FE5-8D86A86119BB">
<sourceDDLFile>CristaleriaAndina_S9.sql</sourceDDLFile>
<createdBy>Dxtro</createdBy>
<createdTime>2025-10-12 21:58:22 UTC</createdTime>
<ownerDesignName>CristaleriaAndina</ownerDesignName>
<importedID>1309F036-126C-AD13-1D75-2F0D1836EBF8</importedID>
<nullsAllowed>true</nullsAllowed>
<use>0</use>
<logicalDatatype>LOGDT007</logicalDatatype>
<domain>69E2DB3E-A638-34B7-74EE-E2756A2B95EF</domain>
<ownDataTypeParameters>,,</ownDataTypeParameters>
<autoIncrementCycle>false</autoIncrementCycle>
</Column>
<Column name="sueldo_base" id="C7009031-B635-5A9B-EAFD-522BA5FBB3FF">
<sourceDDLFile>CristaleriaAndina_S9.sql</sourceDDLFile>
<createdBy>Dxtro</createdBy>
<createdTime>2025-10-12 21:58:22 UTC</createdTime>
<ownerDesignName>CristaleriaAndina</ownerDesignName>
<importedID>9F499E31-B83E-A110-A34D-120A815BC28C</importedID>
<use>0</use>
<logicalDatatype>LOGDT019</logicalDatatype>
<domain>2764B41A-D719-9635-8EDA-C1C7BE21A978</domain>
<ownDataTypeParameters>,,</ownDataTypeParameters>
<autoIncrementCycle>false</autoIncrementCycle>
</Column>
<Column name="activo" id="A104DB59-BACF-1C04-3577-38D8DD064183">
<sourceDDLFile>CristaleriaAndina_S9.sql</sourceDDLFile>
<createdBy>Dxtro</createdBy>
<createdTime>2025-10-12 21:58:22 UTC</createdTime>
<ownerDesignName>CristaleriaAndina</ownerDesignName>
<importedID>64A9756E-4DCC-CAF5-3E13-59811B24861C</importedID>
<use>0</use>
<logicalDatatype>LOGDT025</logicalDatatype>
<domain>CB42BF6E-8894-946F-13C6-7B5E0A8F8CCF</domain>
<defaultValue>&apos;S&apos;</defaultValue>
<ownDataTypeParameters>,,</ownDataTypeParameters>
<autoIncrementCycle>false</autoIncrementCycle>
</Column>
<Column name="id_planta" id="742787CC-5F89-15BF-D8B7-F94B772B9B7F">
<sourceDDLFile>CristaleriaAndina_S9.sql</sourceDDLFile>
<createdBy>Dxtro</createdBy>
<createdTime>2025-10-12 21:58:22 UTC</createdTime>
<ownerDesignName>CristaleriaAndina</ownerDesignName>
<importedID>86C5C1A6-0411-4025-A9B9-F6138112A43A</importedID>
<use>0</use>
<logicalDatatype>LOGDT019</logicalDatatype>
<domain>CC0349CA-3447-C4F9-F391-57E4DEB55006</domain>
<ownDataTypeParameters>,,</ownDataTypeParameters>
<autoIncrementCycle>false</autoIncrementCycle>
<associations>
<colAssociation fkAssociation="3D5F34C2-1C42-3D62-4188-64DE61FBC985" referredColumn="1DFB0403-3D64-F487-4960-FDA232FCCDBC"/>
</associations>
</Column>
<Column name="id_afp" id="81CD8D47-447E-5CF0-C569-710B2D1C679B">
<sourceDDLFile>CristaleriaAndina_S9.sql</sourceDDLFile>
<createdBy>Dxtro</createdBy>
<createdTime>2025-10-12 21:58:22 UTC</createdTime>
<ownerDesignName>CristaleriaAndina</ownerDesignName>
<importedID>C0CCA72F-EFEA-CF7F-C9F4-5CBC0260C4C2</importedID>
<use>0</use>
<logicalDatatype>LOGDT019</logicalDatatype>
<domain>CC0349CA-3447-C4F9-F391-57E4DEB55006</domain>
<ownDataTypeParameters>,,</ownDataTypeParameters>
<autoIncrementCycle>false</autoIncrementCycle>
<associations>
<colAssociation fkAssociation="7C485A20-8140-8B5A-446A-DAE110D47BD4" referredColumn="56562354-5C0C-ECFA-BEA9-C40DF84627E8"/>
</associations>
</Column>
<Column name="id_salud" id="65F444AB-ED3F-1FAE-749A-565BCB148608">
<sourceDDLFile>CristaleriaAndina_S9.sql</sourceDDLFile>
<createdBy>Dxtro</createdBy>
<createdTime>2025-10-12 21:58:22 UTC</createdTime>
<ownerDesignName>CristaleriaAndina</ownerDesignName>
<importedID>62CA13AF-A766-3D36-F4A0-3977FF70DE49</importedID>
<use>0</use>
<logicalDatatype>LOGDT019</logicalDatatype>
<domain>CC0349CA-3447-C4F9-F391-57E4DEB55006</domain>
<ownDataTypeParameters>,,</ownDataTypeParameters>
<autoIncrementCycle>false</autoIncrementCycle>
<associations>
<colAssociation fkAssociation="856F460D-D6F3-D00D-2293-40226ADB79A4" referredColumn="9848481B-DDD6-D254-EA63-298123814DAA"/>
</associations>
</Column>
<Column name="id_jefe_directo" id="AC4D14DC-4B0C-F037-A60C-B672B6F4497C">
<sourceDDLFile>CristaleriaAndina_S9.sql</sourceDDLFile>
<createdBy>Dxtro</createdBy>
<createdTime>2025-10-12 21:58:22 UTC</createdTime>
<ownerDesignName>CristaleriaAndina</ownerDesignName>
<importedID>8805030B-3F88-DD96-E1E1-0F4BC4347292</importedID>
<nullsAllowed>true</nullsAllowed>
<use>0</use>
<logicalDatatype>LOGDT019</logicalDatatype>
<domain>2764B41A-D719-9635-8EDA-C1C7BE21A978</domain>
<ownDataTypeParameters>,,</ownDataTypeParameters>
<autoIncrementCycle>false</autoIncrementCycle>
<associations>
<colAssociation fkAssociation="235D3F0B-46BB-1F3A-12C2-755841C54660" referredColumn="42CA9797-A8D4-DFB7-ED61-A0D69FFCEFEB"/>
</associations>
</Column>
</columns>
<indexes itemClass="oracle.dbtools.crest.model.design.relational.Index">
<ind_PK_UK id="38142CEC-BC0D-493B-C3E0-FA8A90B5367D" name="pk_empleado">
<sourceDDLFile>CristaleriaAndina_S9.sql</sourceDDLFile>
<createdBy>Dxtro</createdBy>
<createdTime>2025-10-12 21:58:22 UTC</createdTime>
<ownerDesignName>CristaleriaAndina</ownerDesignName>
<importedID>39F2BDE0-206E-AC1C-3DF7-1FCD3FC768D3</importedID>
<pk>true</pk>
<indexState>Primary Constraint</indexState>
<isSurrogateKey>false</isSurrogateKey>
<indexColumnUsage>
<colUsage columnID="42CA9797-A8D4-DFB7-ED61-A0D69FFCEFEB"/>
</indexColumnUsage>
</ind_PK_UK>
<ind_PK_UK id="7797B901-2742-06C1-5458-72AEE5679BA0" name="fk_empleado_afp">
<createdBy>Dxtro</createdBy>
<createdTime>2025-10-12 21:58:22 UTC</createdTime>
<ownerDesignName>CristaleriaAndina</ownerDesignName>
<indexState>Foreign Key</indexState>
<isSurrogateKey>false</isSurrogateKey>
<indexColumnUsage>
<colUsage columnID="81CD8D47-447E-5CF0-C569-710B2D1C679B"/>
</indexColumnUsage>
</ind_PK_UK>
<ind_PK_UK id="C1A4A4B9-CBF0-B844-48F4-0439D6305295" name="fk_empleado_jefe">
<createdBy>Dxtro</createdBy>
<createdTime>2025-10-12 21:58:22 UTC</createdTime>
<ownerDesignName>CristaleriaAndina</ownerDesignName>
<indexState>Foreign Key</indexState>
<isSurrogateKey>false</isSurrogateKey>
<indexColumnUsage>
<colUsage columnID="AC4D14DC-4B0C-F037-A60C-B672B6F4497C"/>
</indexColumnUsage>
</ind_PK_UK>
<ind_PK_UK id="577B6451-32AE-9C08-9FC8-FDDF744F7078" name="fk_empleado_planta">
<createdBy>Dxtro</createdBy>
<createdTime>2025-10-12 21:58:22 UTC</createdTime>
<ownerDesignName>CristaleriaAndina</ownerDesignName>
<indexState>Foreign Key</indexState>
<isSurrogateKey>false</isSurrogateKey>
<indexColumnUsage>
<colUsage columnID="742787CC-5F89-15BF-D8B7-F94B772B9B7F"/>
</indexColumnUsage>
</ind_PK_UK>
<ind_PK_UK id="862B163D-C3C1-2F4A-B48B-6EC8B949A551" name="fk_empleado_salud">
<createdBy>Dxtro</createdBy>
<createdTime>2025-10-12 21:58:22 UTC</createdTime>
<ownerDesignName>CristaleriaAndina</ownerDesignName>
<indexState>Foreign Key</indexState>
<isSurrogateKey>false</isSurrogateKey>
<indexColumnUsage>
<colUsage columnID="65F444AB-ED3F-1FAE-749A-565BCB148608"/>
</indexColumnUsage>
</ind_PK_UK>
</indexes>
<tableCheckConstraints itemClass="oracle.dbtools.crest.model.design.constraint.TableLevelConstraint">
<tableCheckConstraint name="ck_empleado_activo" directorySegmentName="seg_0" id="36AEA9CE-419E-EA0D-7056-F6460348AFA5">
<sourceDDLFile>CristaleriaAndina_S9.sql</sourceDDLFile>
<createdBy>Dxtro</createdBy>
<createdTime>2025-10-12 21:58:22 UTC</createdTime>
<ownerDesignName>CristaleriaAndina</ownerDesignName>
<importedID>32F631E8-3A45-0219-1CB7-DE26D12A1855</importedID>
<rule><![CDATA[activo IN ('S','N')]]></rule>
</tableCheckConstraint>
</tableCheckConstraints>
</Table>