<?xml version = '1.0' encoding = 'UTF-8'?>
<Table class="oracle.dbtools.crest.model.design.relational.Table" directorySegmentName="seg_0" id="A95B9B34-6580-A9BF-A571-9A1E00B8622C" name="comuna">
<sourceDDLFile>CristaleriaAndina_S9.sql</sourceDDLFile>
<createdBy>Dxtro</createdBy>
<createdTime>2025-10-12 21:58:22 UTC</createdTime>
<ownerDesignName>CristaleriaAndina</ownerDesignName>
<importedID>E27DF69F-AA5B-E8C9-CB86-CFC7E777F377</importedID>
<allowColumnReorder>false</allowColumnReorder>
<existDependencyGenerateInDDl>true</existDependencyGenerateInDDl>
<parsed>true</parsed>
<columns itemClass="oracle.dbtools.crest.model.design.relational.Column">
<Column name="id_comuna" id="ECF3E377-188E-EC4C-BEB7-882BF80C1070">
<sourceDDLFile>CristaleriaAndina_S9.sql</sourceDDLFile>
<createdBy>Dxtro</createdBy>
<createdTime>2025-10-12 21:58:22 UTC</createdTime>
<ownerDesignName>CristaleriaAndina</ownerDesignName>
<importedID>9ED1D706-B534-F6DC-6D00-E5503132E566</importedID>
<use>0</use>
<logicalDatatype>LOGDT019</logicalDatatype>
<domain>75436FCC-6E7B-1031-45DE-4BE300CBCEF4</domain>
<ownDataTypeParameters>,,</ownDataTypeParameters>
<autoIncrementColumn>true</autoIncrementColumn>
<identityColumn>true</identityColumn>
<defaultOntNull>true</defaultOntNull>
<autoIncrementStartWith>1050</autoIncrementStartWith>
<autoIncrementIncrementBy>5</autoIncrementIncrementBy>
<autoIncrementCycle>false</autoIncrementCycle>
<autoIncrementOrder>false</autoIncrementOrder>
</Column>
<Column name="nom_comuna" id="B9A5DD76-A49A-B103-4705-AD402EAF592A">
<sourceDDLFile>CristaleriaAndina_S9.sql</sourceDDLFile>
<createdBy>Dxtro</createdBy>
<createdTime>2025-10-12 21:58:22 UTC</createdTime>
<ownerDesignName>CristaleriaAndina</ownerDesignName>
<importedID>38DC91CA-C890-A9E1-1B13-DE6610C45616</importedID>
<use>0</use>
<logicalDatatype>LOGDT024</logicalDatatype>
<domain>D9BB502B-F316-5F61-C670-9D4E19D6AD4B</domain>
<ownDataTypeParameters>,,</ownDataTypeParameters>
<autoIncrementCycle>false</autoIncrementCycle>
</Column>
<Column name="id_region" id="6C068F3A-87AF-65C3-441F-BB7988EA9C80">
<sourceDDLFile>CristaleriaAndina_S9.sql</sourceDDLFile>
<createdBy>Dxtro</createdBy>
<createdTime>2025-10-12 21:58:22 UTC</createdTime>
<ownerDesignName>CristaleriaAndina</ownerDesignName>
<importedID>630E6F1A-A5B3-8F6D-CF14-4AC99D99ECA9</importedID>
<use>0</use>
<logicalDatatype>LOGDT019</logicalDatatype>
<domain>1057E144-0B77-1A8D-1B68-5FF92300AA93</domain>
<ownDataTypeParameters>,,</ownDataTypeParameters>
<autoIncrementCycle>false</autoIncrementCycle>
<associations>
<colAssociation fkAssociation="FBAF1B75-6C3B-D2D9-3BE0-723F7B9B5F02" referredColumn="2B61F1EB-E447-A968-6683-B4B4FECB8913"/>
</associations>
</Column>
</columns>
<indexes itemClass="oracle.dbtools.crest.model.design.relational.Index">
<ind_PK_UK id="7ED67EE3-D98B-675F-4AA1-E8D544D83E7C" name="pk_comuna">
<sourceDDLFile>CristaleriaAndina_S9.sql</sourceDDLFile>
<createdBy>Dxtro</createdBy>
<createdTime>2025-10-12 21:58:22 UTC</createdTime>
<ownerDesignName>CristaleriaAndina</ownerDesignName>
<importedID>C84C7255-FA0A-DCF4-741A-1FBA4B5C9378</importedID>
<pk>true</pk>
<indexState>Primary Constraint</indexState>
<isSurrogateKey>false</isSurrogateKey>
<indexColumnUsage>
<colUsage columnID="ECF3E377-188E-EC4C-BEB7-882BF80C1070"/>
</indexColumnUsage>
</ind_PK_UK>
<ind_PK_UK id="9D540417-6264-92FB-9DBE-E827F3C8690C" name="fk_comuna_region">
<createdBy>Dxtro</createdBy>
<createdTime>2025-10-12 21:58:22 UTC</createdTime>
<ownerDesignName>CristaleriaAndina</ownerDesignName>
<indexState>Foreign Key</indexState>
<isSurrogateKey>false</isSurrogateKey>
<indexColumnUsage>
<colUsage columnID="6C068F3A-87AF-65C3-441F-BB7988EA9C80"/>
</indexColumnUsage>
</ind_PK_UK>
</indexes>
</Table>