<?xml version = '1.0' encoding = 'UTF-8'?>
<Table class="oracle.dbtools.crest.model.design.relational.Table" directorySegmentName="seg_0" id="CB0292E6-7B2D-C5FA-C02F-D561F1766C29" name="turno">
<sourceDDLFile>CristaleriaAndina_S9.sql</sourceDDLFile>
<createdBy>Dxtro</createdBy>
<createdTime>2025-10-12 21:58:22 UTC</createdTime>
<ownerDesignName>CristaleriaAndina</ownerDesignName>
<importedID>6040D49B-5D35-1C33-8E8B-7F8062696A40</importedID>
<allowColumnReorder>false</allowColumnReorder>
<existDependencyGenerateInDDl>true</existDependencyGenerateInDDl>
<parsed>true</parsed>
<columns itemClass="oracle.dbtools.crest.model.design.relational.Column">
<Column name="id_turno" id="7B7EE94A-9F51-DB2D-D33C-D495CC2C1194">
<sourceDDLFile>CristaleriaAndina_S9.sql</sourceDDLFile>
<createdBy>Dxtro</createdBy>
<createdTime>2025-10-12 21:58:22 UTC</createdTime>
<ownerDesignName>CristaleriaAndina</ownerDesignName>
<importedID>1712D00C-AD90-42CE-1B8D-F1C7D9E4688E</importedID>
<use>0</use>
<logicalDatatype>LOGDT019</logicalDatatype>
<domain>CC0349CA-3447-C4F9-F391-57E4DEB55006</domain>
<ownDataTypeParameters>,,</ownDataTypeParameters>
<autoIncrementCycle>false</autoIncrementCycle>
</Column>
<Column name="nom_turno" id="59082EFC-473C-5D34-7F7D-4ABCE8B4DF9B">
<sourceDDLFile>CristaleriaAndina_S9.sql</sourceDDLFile>
<createdBy>Dxtro</createdBy>
<createdTime>2025-10-12 21:58:22 UTC</createdTime>
<ownerDesignName>CristaleriaAndina</ownerDesignName>
<importedID>9C9C8545-9A9B-65E6-BEA3-1684DCFFEC31</importedID>
<use>0</use>
<logicalDatatype>LOGDT024</logicalDatatype>
<domain>AD94B195-797D-CBB8-05F5-05EEEC6A5216</domain>
<ownDataTypeParameters>,,</ownDataTypeParameters>
<autoIncrementCycle>false</autoIncrementCycle>
</Column>
<Column name="hora_inicio" id="37393D56-A9E6-B82E-BB95-634D9F8755B3">
<sourceDDLFile>CristaleriaAndina_S9.sql</sourceDDLFile>
<createdBy>Dxtro</createdBy>
<createdTime>2025-10-12 21:58:22 UTC</createdTime>
<ownerDesignName>CristaleriaAndina</ownerDesignName>
<importedID>9932F13F-5BA1-527A-44E1-F8E20606ADC8</importedID>
<use>0</use>
<logicalDatatype>LOGDT025</logicalDatatype>
<domain>ECB8CDCE-34E0-C93D-97AA-659CAFCDF4A4</domain>
<ownDataTypeParameters>,,</ownDataTypeParameters>
<autoIncrementCycle>false</autoIncrementCycle>
</Column>
<Column name="hora_termino" id="3D803062-9E6E-1762-502B-0895E31E38CC">
<sourceDDLFile>CristaleriaAndina_S9.sql</sourceDDLFile>
<createdBy>Dxtro</createdBy>
<createdTime>2025-10-12 21:58:22 UTC</createdTime>
<ownerDesignName>CristaleriaAndina</ownerDesignName>
<importedID>1DD76F3E-8D75-B09A-E452-0889E7614972</importedID>
<use>0</use>
<logicalDatatype>LOGDT025</logicalDatatype>
<domain>ECB8CDCE-34E0-C93D-97AA-659CAFCDF4A4</domain>
<ownDataTypeParameters>,,</ownDataTypeParameters>
<autoIncrementCycle>false</autoIncrementCycle>
</Column>
</columns>
<indexes itemClass="oracle.dbtools.crest.model.design.relational.Index">
<ind_PK_UK id="744D513B-8F41-33D4-0C9F-D036DC053A38" name="pk_turno">
<sourceDDLFile>CristaleriaAndina_S9.sql</sourceDDLFile>
<createdBy>Dxtro</createdBy>
<createdTime>2025-10-12 21:58:22 UTC</createdTime>
<ownerDesignName>CristaleriaAndina</ownerDesignName>
<importedID>A34BC413-88FC-8C14-44EB-0F7F2ED0C225</importedID>
<pk>true</pk>
<indexState>Primary Constraint</indexState>
<isSurrogateKey>false</isSurrogateKey>
<indexColumnUsage>
<colUsage columnID="7B7EE94A-9F51-DB2D-D33C-D495CC2C1194"/>
</indexColumnUsage>
</ind_PK_UK>
<ind_PK_UK id="6C97A8A6-F102-279E-4DA7-031C9F11A834" name="uq_turno_nombre">
<sourceDDLFile>CristaleriaAndina_S9.sql</sourceDDLFile>
<createdBy>Dxtro</createdBy>
<createdTime>2025-10-12 21:58:22 UTC</createdTime>
<ownerDesignName>CristaleriaAndina</ownerDesignName>
<importedID>C7C3F6D6-2FC6-7C76-FF6B-29600FB21638</importedID>
<indexState>Unique Constraint</indexState>
<isSurrogateKey>false</isSurrogateKey>
<indexColumnUsage>
<colUsage columnID="59082EFC-473C-5D34-7F7D-4ABCE8B4DF9B"/>
</indexColumnUsage>
</ind_PK_UK>
</indexes>
<tableCheckConstraints itemClass="oracle.dbtools.crest.model.design.constraint.TableLevelConstraint">
<tableCheckConstraint name="ck_turno_hora_ini" directorySegmentName="seg_0" id="9FB78A03-193F-BE8B-2ED8-99FBF034F71E">
<sourceDDLFile>CristaleriaAndina_S9.sql</sourceDDLFile>
<createdBy>Dxtro</createdBy>
<createdTime>2025-10-12 21:58:22 UTC</createdTime>
<ownerDesignName>CristaleriaAndina</ownerDesignName>
<importedID>B1FFCDAF-15EF-6C8C-2FC8-578F70C9A87C</importedID>
<rule><![CDATA[REGEXP_LIKE(hora_inicio, '^[0-2][0-9]:[0-5][0-9]$') AND SUBSTR(hora_inicio,1,2) BETWEEN '00' AND '23']]></rule>
</tableCheckConstraint>
<tableCheckConstraint name="ck_turno_hora_ter" directorySegmentName="seg_0" id="1FC13B20-D0C9-06BA-BEB2-6596E713E923">
<sourceDDLFile>CristaleriaAndina_S9.sql</sourceDDLFile>
<createdBy>Dxtro</createdBy>
<createdTime>2025-10-12 21:58:22 UTC</createdTime>
<ownerDesignName>CristaleriaAndina</ownerDesignName>
<importedID>4EA8D7CF-AF28-9771-B72F-468973AC5FDE</importedID>
<rule><![CDATA[REGEXP_LIKE(hora_termino,'^[0-2][0-9]:[0-5][0-9]$') AND SUBSTR(hora_termino,1,2) BETWEEN '00' AND '23']]></rule>
</tableCheckConstraint>
</tableCheckConstraints>
</Table>