<?xml version = '1.0' encoding = 'UTF-8'?>
<Table class="oracle.dbtools.crest.model.design.relational.Table" directorySegmentName="seg_0" id="DC0FE2EE-9E7E-B3B2-6A2D-60DD15181C1F" name="asignacion_turno">
<sourceDDLFile>CristaleriaAndina_S9.sql</sourceDDLFile>
<createdBy>Dxtro</createdBy>
<createdTime>2025-10-12 21:58:22 UTC</createdTime>
<ownerDesignName>CristaleriaAndina</ownerDesignName>
<importedID>6FEE8ABF-59D3-EA87-EE86-794691BCA0DF</importedID>
<allowColumnReorder>false</allowColumnReorder>
<existDependencyGenerateInDDl>true</existDependencyGenerateInDDl>
<parsed>true</parsed>
<columns itemClass="oracle.dbtools.crest.model.design.relational.Column">
<Column name="fecha" id="3DED9999-8FF9-ED8A-C0CC-D238A6BEF1A7">
<sourceDDLFile>CristaleriaAndina_S9.sql</sourceDDLFile>
<createdBy>Dxtro</createdBy>
<createdTime>2025-10-12 21:58:22 UTC</createdTime>
<ownerDesignName>CristaleriaAndina</ownerDesignName>
<importedID>72B0A9AC-CD0F-E41F-E62C-A4DC85EE344A</importedID>
<use>0</use>
<logicalDatatype>LOGDT007</logicalDatatype>
<domain>69E2DB3E-A638-34B7-74EE-E2756A2B95EF</domain>
<ownDataTypeParameters>,,</ownDataTypeParameters>
<autoIncrementCycle>false</autoIncrementCycle>
</Column>
<Column name="id_empleado" id="899E2191-C4FB-71D8-735C-781C88C244A5">
<sourceDDLFile>CristaleriaAndina_S9.sql</sourceDDLFile>
<createdBy>Dxtro</createdBy>
<createdTime>2025-10-12 21:58:22 UTC</createdTime>
<ownerDesignName>CristaleriaAndina</ownerDesignName>
<importedID>BF050BE2-FEBE-6C09-1ABB-DFC44CBB052E</importedID>
<use>0</use>
<logicalDatatype>LOGDT019</logicalDatatype>
<domain>2764B41A-D719-9635-8EDA-C1C7BE21A978</domain>
<ownDataTypeParameters>,,</ownDataTypeParameters>
<autoIncrementCycle>false</autoIncrementCycle>
<associations>
<colAssociation fkAssociation="F3D7129E-0A92-C596-6603-69DBD3BEA375" referredColumn="42CA9797-A8D4-DFB7-ED61-A0D69FFCEFEB"/>
</associations>
</Column>
<Column name="id_turno" id="9DB4CA8A-5953-D6AC-7E03-90A405FB15DF">
<sourceDDLFile>CristaleriaAndina_S9.sql</sourceDDLFile>
<createdBy>Dxtro</createdBy>
<createdTime>2025-10-12 21:58:22 UTC</createdTime>
<ownerDesignName>CristaleriaAndina</ownerDesignName>
<importedID>91DD7978-1F0A-CA78-4E02-049433129904</importedID>
<use>0</use>
<logicalDatatype>LOGDT019</logicalDatatype>
<domain>CC0349CA-3447-C4F9-F391-57E4DEB55006</domain>
<ownDataTypeParameters>,,</ownDataTypeParameters>
<autoIncrementCycle>false</autoIncrementCycle>
<associations>
<colAssociation fkAssociation="CC51A639-57C1-46B6-4C80-932D68F7DF19" referredColumn="7B7EE94A-9F51-DB2D-D33C-D495CC2C1194"/>
</associations>
</Column>
<Column name="id_maquina" id="7647A155-A5D7-D117-86CE-307953C19393">
<sourceDDLFile>CristaleriaAndina_S9.sql</sourceDDLFile>
<createdBy>Dxtro</createdBy>
<createdTime>2025-10-12 21:58:22 UTC</createdTime>
<ownerDesignName>CristaleriaAndina</ownerDesignName>
<importedID>6F4B0B76-B6AE-3978-AB35-B759C74B4F06</importedID>
<use>0</use>
<logicalDatatype>LOGDT019</logicalDatatype>
<domain>2764B41A-D719-9635-8EDA-C1C7BE21A978</domain>
<ownDataTypeParameters>,,</ownDataTypeParameters>
<autoIncrementCycle>false</autoIncrementCycle>
<associations>
<colAssociation fkAssociation="50C9BF1E-F0B6-FCD6-148E-997D2CA61A9C" referredColumn="BF458256-E707-4124-3235-D9FC09773714"/>
</associations>
</Column>
<Column name="rol_turno" id="6F55CA1A-661B-60C4-0EE9-0A3AD23F0E79">
<sourceDDLFile>CristaleriaAndina_S9.sql</sourceDDLFile>
<createdBy>Dxtro</createdBy>
<createdTime>2025-10-12 21:58:22 UTC</createdTime>
<ownerDesignName>CristaleriaAndina</ownerDesignName>
<importedID>9B4ED73A-57FE-1BEC-760A-82535805A69F</importedID>
<nullsAllowed>true</nullsAllowed>
<use>0</use>
<logicalDatatype>LOGDT024</logicalDatatype>
<domain>AD94B195-797D-CBB8-05F5-05EEEC6A5216</domain>
<ownDataTypeParameters>,,</ownDataTypeParameters>
<autoIncrementCycle>false</autoIncrementCycle>
</Column>
</columns>
<indexes itemClass="oracle.dbtools.crest.model.design.relational.Index">
<ind_PK_UK id="CD33045E-2826-D24D-1827-AA03DC7B57EE" name="pk_asignacion">
<sourceDDLFile>CristaleriaAndina_S9.sql</sourceDDLFile>
<createdBy>Dxtro</createdBy>
<createdTime>2025-10-12 21:58:22 UTC</createdTime>
<ownerDesignName>CristaleriaAndina</ownerDesignName>
<importedID>1A93A757-82D8-4C10-0A41-4EBBEB9FCEB3</importedID>
<pk>true</pk>
<indexState>Primary Constraint</indexState>
<isSurrogateKey>false</isSurrogateKey>
<indexColumnUsage>
<colUsage columnID="3DED9999-8FF9-ED8A-C0CC-D238A6BEF1A7"/>
<colUsage columnID="899E2191-C4FB-71D8-735C-781C88C244A5"/>
</indexColumnUsage>
</ind_PK_UK>
<ind_PK_UK id="F5DE772E-FC62-433E-704F-480715F87C04" name="fk_asig_empleado">
<createdBy>Dxtro</createdBy>
<createdTime>2025-10-12 21:58:22 UTC</createdTime>
<ownerDesignName>CristaleriaAndina</ownerDesignName>
<indexState>Foreign Key</indexState>
<isSurrogateKey>false</isSurrogateKey>
<indexColumnUsage>
<colUsage columnID="899E2191-C4FB-71D8-735C-781C88C244A5"/>
</indexColumnUsage>
</ind_PK_UK>
<ind_PK_UK id="B4FF6544-6B00-F9FA-157B-DC456264D571" name="fk_asig_maquina">
<createdBy>Dxtro</createdBy>
<createdTime>2025-10-12 21:58:22 UTC</createdTime>
<ownerDesignName>CristaleriaAndina</ownerDesignName>
<indexState>Foreign Key</indexState>
<isSurrogateKey>false</isSurrogateKey>
<indexColumnUsage>
<colUsage columnID="7647A155-A5D7-D117-86CE-307953C19393"/>
</indexColumnUsage>
</ind_PK_UK>
<ind_PK_UK id="A8ED8EC0-F00A-B398-AF11-1BA363923B60" name="fk_asig_turno">
<createdBy>Dxtro</createdBy>
<createdTime>2025-10-12 21:58:22 UTC</createdTime>
<ownerDesignName>CristaleriaAndina</ownerDesignName>
<indexState>Foreign Key</indexState>
<isSurrogateKey>false</isSurrogateKey>
<indexColumnUsage>
<colUsage columnID="9DB4CA8A-5953-D6AC-7E03-90A405FB15DF"/>
</indexColumnUsage>
</ind_PK_UK>
</indexes>
</Table>