<?xml version = '1.0' encoding = 'UTF-8'?>
<Table class="oracle.dbtools.crest.model.design.relational.Table" directorySegmentName="seg_0" id="E58D9DEE-7BDC-7856-46FF-5301131E8EC3" name="operario">
<sourceDDLFile>CristaleriaAndina_S9.sql</sourceDDLFile>
<createdBy>Dxtro</createdBy>
<createdTime>2025-10-12 21:58:22 UTC</createdTime>
<ownerDesignName>CristaleriaAndina</ownerDesignName>
<importedID>CB7F930F-AFBD-5A16-5245-B8847FEE782C</importedID>
<allowColumnReorder>false</allowColumnReorder>
<existDependencyGenerateInDDl>true</existDependencyGenerateInDDl>
<parsed>true</parsed>
<columns itemClass="oracle.dbtools.crest.model.design.relational.Column">
<Column name="id_empleado" id="E867C090-80E5-B7FB-85EF-91278E762E76">
<sourceDDLFile>CristaleriaAndina_S9.sql</sourceDDLFile>
<createdBy>Dxtro</createdBy>
<createdTime>2025-10-12 21:58:22 UTC</createdTime>
<ownerDesignName>CristaleriaAndina</ownerDesignName>
<importedID>6BFC83DE-10EA-9087-3BB4-0F068FB9560C</importedID>
<use>0</use>
<logicalDatatype>LOGDT019</logicalDatatype>
<domain>2764B41A-D719-9635-8EDA-C1C7BE21A978</domain>
<ownDataTypeParameters>,,</ownDataTypeParameters>
<autoIncrementCycle>false</autoIncrementCycle>
<associations>
<colAssociation fkAssociation="C53D6F4C-DFCE-7999-3D0C-F5608F861855" referredColumn="42CA9797-A8D4-DFB7-ED61-A0D69FFCEFEB"/>
</associations>
</Column>
<Column name="categoria_proc" id="1B204626-D459-B2EB-1BAD-253C96FD586A">
<sourceDDLFile>CristaleriaAndina_S9.sql</sourceDDLFile>
<createdBy>Dxtro</createdBy>
<createdTime>2025-10-12 21:58:22 UTC</createdTime>
<ownerDesignName>CristaleriaAndina</ownerDesignName>
<importedID>5484A6A4-ADDD-0B86-EFDC-F15E4DF9C368</importedID>
<use>0</use>
<logicalDatatype>LOGDT024</logicalDatatype>
<domain>DB1433D4-4DCE-89D8-484C-483C35E3738A</domain>
<ownDataTypeParameters>,,</ownDataTypeParameters>
<autoIncrementCycle>false</autoIncrementCycle>
</Column>
<Column name="certificacion" id="BDAC472A-0E97-2BE7-1F4E-EDEFA9CAC407">
<sourceDDLFile>CristaleriaAndina_S9.sql</sourceDDLFile>
<createdBy>Dxtro</createdBy>
<createdTime>2025-10-12 21:58:22 UTC</createdTime>
<ownerDesignName>CristaleriaAndina</ownerDesignName>
<importedID>778EF0FE-BA90-07B4-FC3F-C4DBDDC07578</importedID>
<nullsAllowed>true</nullsAllowed>
<use>0</use>
<logicalDatatype>LOGDT024</logicalDatatype>
<domain>AD0A7793-1F2B-B7C3-D100-18A96B2FF1EC</domain>
<ownDataTypeParameters>,,</ownDataTypeParameters>
<autoIncrementCycle>false</autoIncrementCycle>
</Column>
<Column name="horas_estandar" id="C81A8498-91A9-CF3E-41F9-303229A8B122">
<sourceDDLFile>CristaleriaAndina_S9.sql</sourceDDLFile>
<createdBy>Dxtro</createdBy>
<createdTime>2025-10-12 21:58:22 UTC</createdTime>
<ownerDesignName>CristaleriaAndina</ownerDesignName>
<importedID>00BFA20F-73EA-1271-F356-6A6480342766</importedID>
<use>0</use>
<logicalDatatype>LOGDT019</logicalDatatype>
<domain>B558AA12-FBB6-B538-1D13-2B01DDCB5485</domain>
<defaultValue>8</defaultValue>
<ownDataTypeParameters>,,</ownDataTypeParameters>
<autoIncrementCycle>false</autoIncrementCycle>
</Column>
</columns>
<indexes itemClass="oracle.dbtools.crest.model.design.relational.Index">
<ind_PK_UK id="DC0775AE-AAE1-AA58-AE88-544FE1998093" name="pk_operario">
<sourceDDLFile>CristaleriaAndina_S9.sql</sourceDDLFile>
<createdBy>Dxtro</createdBy>
<createdTime>2025-10-12 21:58:22 UTC</createdTime>
<ownerDesignName>CristaleriaAndina</ownerDesignName>
<importedID>EC32340C-D3D1-993C-0C42-6D21D49BD7FC</importedID>
<pk>true</pk>
<indexState>Primary Constraint</indexState>
<isSurrogateKey>false</isSurrogateKey>
<indexColumnUsage>
<colUsage columnID="E867C090-80E5-B7FB-85EF-91278E762E76"/>
</indexColumnUsage>
</ind_PK_UK>
<ind_PK_UK id="11385E4A-51BF-CD21-2B03-9B50A8FC8A08" name="fk_operario_empleado">
<createdBy>Dxtro</createdBy>
<createdTime>2025-10-12 21:58:22 UTC</createdTime>
<ownerDesignName>CristaleriaAndina</ownerDesignName>
<indexState>Foreign Key</indexState>
<isSurrogateKey>false</isSurrogateKey>
<indexColumnUsage>
<colUsage columnID="E867C090-80E5-B7FB-85EF-91278E762E76"/>
</indexColumnUsage>
</ind_PK_UK>
</indexes>
<tableCheckConstraints itemClass="oracle.dbtools.crest.model.design.constraint.TableLevelConstraint">
<tableCheckConstraint name="ck_operario_categoria" directorySegmentName="seg_0" id="8E3027B0-CC76-2DD0-38EA-F492E73C585D">
<sourceDDLFile>CristaleriaAndina_S9.sql</sourceDDLFile>
<createdBy>Dxtro</createdBy>
<createdTime>2025-10-12 21:58:22 UTC</createdTime>
<ownerDesignName>CristaleriaAndina</ownerDesignName>
<importedID>2735A86C-013B-366F-8CC0-93DE9007EDB4</importedID>
<rule><![CDATA[categoria_proc IN ('CALIENTE','FRIO','INSPECCION')]]></rule>
</tableCheckConstraint>
</tableCheckConstraints>
</Table>