<?xml version = '1.0' encoding = 'UTF-8'?>
<Diagram class="oracle.dbtools.crest.swingui.relational.DPVRelational" name="Relational_1" id="4E4C32CD-17E0-31E3-B67A-056DCDB2E9F2">
<createdBy>Dxtro</createdBy>
<modifiedBy>Dxtro</modifiedBy>
<createdTime>2025-09-15 23:51:47 UTC</createdTime>
<autoRoute>false</autoRoute>
<boxInbox>false</boxInbox>
<showLegend>false</showLegend>
<showLabels>false</showLabels>
<showRelAttributes>false</showRelAttributes>
<gridEnabled>false</gridEnabled>
<showGrid>false</showGrid>
<diagramColor>-1</diagramColor>
<display>false</display>
<notation>1</notation>
<objectViews>
<OView class="oracle.dbtools.crest.swingui.relational.TVTable" oid="085505EA-592A-0A1A-BCC3-27C8BF57C3DE" otype="Table" vid="F00D068A-4435-92A0-74E0-B177BBC075EE">
<hideElementsInCurrentOnly>false</hideElementsInCurrentOnly>
<bounds x="527" y="881" width="449" height="170"/>
</OView>
<OView class="oracle.dbtools.crest.swingui.relational.TVTable" oid="09770882-F2C0-D7FD-937E-7BDA13FD91C7" otype="Table" vid="8A38DD25-43F8-CD16-1AE4-B893317C9334">
<hideElementsInCurrentOnly>false</hideElementsInCurrentOnly>
<bounds x="1040" y="930" width="170" height="110"/>
</OView>
<OView class="oracle.dbtools.crest.swingui.relational.TVTable" oid="12191CB6-5684-96FB-A61D-5E3ACFA9C2AE" otype="Table" vid="834D67ED-BB6B-646B-081B-8AAE248DD69B">
<hideElementsInCurrentOnly>false</hideElementsInCurrentOnly>
<bounds x="103" y="236" width="380" height="221"/>
</OView>
<OView class="oracle.dbtools.crest.swingui.relational.TVTable" oid="1B004078-8D45-1E6C-6D89-7415D03717AE" otype="Table" vid="2A7B2E19-0E83-8F32-272E-2B18BB93EE7C">
<hideElementsInCurrentOnly>false</hideElementsInCurrentOnly>
<bounds x="280" y="15" width="342" height="137"/>
</OView>
<OView class="oracle.dbtools.crest.swingui.relational.TVTable" oid="298FCD2B-887D-903D-B9C1-D41740DE10D5" otype="Table" vid="A60F23F1-39E7-7FF9-AD59-C0C91755B8C3">
<hideElementsInCurrentOnly>false</hideElementsInCurrentOnly>
<bounds x="38" y="931" width="412" height="171"/>
</OView>
<OView class="oracle.dbtools.crest.swingui.relational.TVTable" oid="372559C5-8662-1472-1832-4AF4B7701FF0" otype="Table" vid="8CE0248C-A81A-ED6F-7BBC-46116B37702E">
<hideElementsInCurrentOnly>false</hideElementsInCurrentOnly>
<bounds x="56" y="729" width="372" height="160"/>
</OView>
<OView class="oracle.dbtools.crest.swingui.relational.TVTable" oid="39913F0D-F2CE-557A-8A28-CD6262DEF361" otype="Table" vid="83CEE873-D1DD-196D-7897-2AE94848A143">
<hideElementsInCurrentOnly>false</hideElementsInCurrentOnly>
<bounds x="24" y="50" width="194" height="128"/>
</OView>
<OView class="oracle.dbtools.crest.swingui.relational.TVTable" oid="4431B8EF-6FD0-976C-5D15-43273CBF819E" otype="Table" vid="37A8C2C7-9C49-4510-ED04-3B016C7C3B4C">
<hideElementsInCurrentOnly>false</hideElementsInCurrentOnly>
<bounds x="860" y="251" width="394" height="283"/>
</OView>
<OView class="oracle.dbtools.crest.swingui.relational.TVTable" oid="57537723-7031-DFC4-72C9-5E7A8F947280" otype="Table" vid="D7A4E654-9AD4-5ED0-071C-786786D13CF4">
<hideElementsInCurrentOnly>false</hideElementsInCurrentOnly>
<bounds x="938" y="22" width="229" height="121"/>
</OView>
<OView class="oracle.dbtools.crest.swingui.relational.TVTable" oid="5D06641C-0287-DBF0-6365-C72915D5C6F0" otype="Table" vid="184A0A4F-40F3-04B4-D043-7077D725D20A">
<hideElementsInCurrentOnly>false</hideElementsInCurrentOnly>
<bounds x="646" y="28" width="247" height="108"/>
</OView>
<OView class="oracle.dbtools.crest.swingui.relational.TVTable" oid="65C73698-3428-1B88-D13A-C6A2222A2435" otype="Table" vid="D0C0CC75-9C7B-DC81-4F95-B1FD5451DE38">
<hideElementsInCurrentOnly>false</hideElementsInCurrentOnly>
<bounds x="531" y="599" width="427" height="159"/>
</OView>
<OView class="oracle.dbtools.crest.swingui.relational.TVTable" oid="67A1BEF8-4E79-6641-DA8E-8D3E3F9E58B3" otype="Table" vid="9A1E02A7-8808-4C36-7DB8-1300DE975C9A">
<hideElementsInCurrentOnly>false</hideElementsInCurrentOnly>
<bounds x="15" y="488" width="399" height="210"/>
</OView>
<OView class="oracle.dbtools.crest.swingui.relational.TVTable" oid="91DC00AC-8551-B592-1606-FE2056717EC1" otype="Table" vid="79752DB0-B493-6A2C-F48F-037443FA19B7">
<hideElementsInCurrentOnly>false</hideElementsInCurrentOnly>
<bounds x="574" y="330" width="227" height="132"/>
</OView>
</objectViews>
<connectors>
<Connector class="oracle.dbtools.crest.swingui.relational.TVFKRelation" oid="5529C339-59B2-B0AF-4697-D593C7C3250C" otype="FKIndexAssociation" vid_source="834D67ED-BB6B-646B-081B-8AAE248DD69B" vid_target="9A1E02A7-8808-4C36-7DB8-1300DE975C9A">
<hideElementsInCurrentOnly>false</hideElementsInCurrentOnly>
<backgroundColor>-16777216</backgroundColor>
<lineWidth>1</lineWidth>
<points>
<point x="258" y="457"/>
<point x="258" y="488"/>
</points>
</Connector>
<Connector class="oracle.dbtools.crest.swingui.relational.TVFKRelation" oid="7A3733EC-F4F2-5B4A-46E1-F817C9C41258" otype="FKIndexAssociation" vid_source="8CE0248C-A81A-ED6F-7BBC-46116B37702E" vid_target="A60F23F1-39E7-7FF9-AD59-C0C91755B8C3">
<hideElementsInCurrentOnly>false</hideElementsInCurrentOnly>
<backgroundColor>-16777216</backgroundColor>
<lineWidth>1</lineWidth>
<points>
<point x="242" y="889"/>
<point x="242" y="931"/>
</points>
</Connector>
<Connector class="oracle.dbtools.crest.swingui.relational.TVFKRelation" oid="8099143E-C1DB-6E93-D9D5-95CEC142EBA6" otype="FKIndexAssociation" vid_source="8A38DD25-43F8-CD16-1AE4-B893317C9334" vid_target="37A8C2C7-9C49-4510-ED04-3B016C7C3B4C">
<hideElementsInCurrentOnly>false</hideElementsInCurrentOnly>
<backgroundColor>-16777216</backgroundColor>
<lineWidth>1</lineWidth>
<points>
<point x="1125" y="930"/>
<point x="1125" y="534"/>
</points>
</Connector>
<Connector class="oracle.dbtools.crest.swingui.relational.TVFKRelation" oid="81A3E2AD-3AB6-A55C-B166-EE1C574F0491" otype="FKIndexAssociation" vid_source="79752DB0-B493-6A2C-F48F-037443FA19B7" vid_target="9A1E02A7-8808-4C36-7DB8-1300DE975C9A">
<hideElementsInCurrentOnly>false</hideElementsInCurrentOnly>
<backgroundColor>-16777216</backgroundColor>
<lineWidth>1</lineWidth>
<points>
<point x="574" y="433"/>
<point x="348" y="488"/>
</points>
</Connector>
<Connector class="oracle.dbtools.crest.swingui.relational.TVFKRelation" oid="89581EF2-3B75-409E-5F36-B3629F40F494" otype="FKIndexAssociation" vid_source="37A8C2C7-9C49-4510-ED04-3B016C7C3B4C" vid_target="37A8C2C7-9C49-4510-ED04-3B016C7C3B4C">
<hideElementsInCurrentOnly>false</hideElementsInCurrentOnly>
<backgroundColor>-16777216</backgroundColor>
<lineWidth>1</lineWidth>
<points>
<point x="860" y="251"/>
<point x="860" y="251"/>
</points>
</Connector>
<Connector class="oracle.dbtools.crest.swingui.relational.TVFKRelation" oid="8FD1B82C-C08F-FEC0-75FA-0A978BFFACBE" otype="FKIndexAssociation" vid_source="9A1E02A7-8808-4C36-7DB8-1300DE975C9A" vid_target="D0C0CC75-9C7B-DC81-4F95-B1FD5451DE38">
<hideElementsInCurrentOnly>false</hideElementsInCurrentOnly>
<backgroundColor>-16777216</backgroundColor>
<lineWidth>1</lineWidth>
<points>
<point x="414" y="648"/>
<point x="531" y="648"/>
</points>
</Connector>
<Connector class="oracle.dbtools.crest.swingui.relational.TVFKRelation" oid="96FD0838-8146-4A79-D8E3-4B7E62B3FE62" otype="FKIndexAssociation" vid_source="9A1E02A7-8808-4C36-7DB8-1300DE975C9A" vid_target="A60F23F1-39E7-7FF9-AD59-C0C91755B8C3">
<hideElementsInCurrentOnly>false</hideElementsInCurrentOnly>
<backgroundColor>-16777216</backgroundColor>
<lineWidth>1</lineWidth>
<points>
<point x="226" y="698"/>
<point x="226" y="931"/>
</points>
</Connector>
<Connector class="oracle.dbtools.crest.swingui.relational.TVFKRelation" oid="A49A6046-A20F-75D5-26D6-5538BA1E635A" otype="FKIndexAssociation" vid_source="79752DB0-B493-6A2C-F48F-037443FA19B7" vid_target="37A8C2C7-9C49-4510-ED04-3B016C7C3B4C">
<hideElementsInCurrentOnly>false</hideElementsInCurrentOnly>
<backgroundColor>-16777216</backgroundColor>
<lineWidth>1</lineWidth>
<points>
<point x="801" y="396"/>
<point x="860" y="396"/>
</points>
</Connector>
<Connector class="oracle.dbtools.crest.swingui.relational.TVFKRelation" oid="AE11C6B4-A57F-502D-C675-8C02996AEC68" otype="FKIndexAssociation" vid_source="D7A4E654-9AD4-5ED0-071C-786786D13CF4" vid_target="37A8C2C7-9C49-4510-ED04-3B016C7C3B4C">
<hideElementsInCurrentOnly>false</hideElementsInCurrentOnly>
<backgroundColor>-16777216</backgroundColor>
<lineWidth>1</lineWidth>
<points>
<point x="1052" y="143"/>
<point x="1052" y="251"/>
</points>
</Connector>
<Connector class="oracle.dbtools.crest.swingui.relational.TVFKRelation" oid="CA95624A-175A-729E-1E2D-BDF2B4324241" otype="FKIndexAssociation" vid_source="83CEE873-D1DD-196D-7897-2AE94848A143" vid_target="2A7B2E19-0E83-8F32-272E-2B18BB93EE7C">
<hideElementsInCurrentOnly>false</hideElementsInCurrentOnly>
<backgroundColor>-16777216</backgroundColor>
<lineWidth>1</lineWidth>
<points>
<point x="218" y="101"/>
<point x="280" y="101"/>
</points>
</Connector>
<Connector class="oracle.dbtools.crest.swingui.relational.TVFKRelation" oid="D2C3296F-F721-A88A-B5E4-07DD12C33247" otype="FKIndexAssociation" vid_source="A60F23F1-39E7-7FF9-AD59-C0C91755B8C3" vid_target="F00D068A-4435-92A0-74E0-B177BBC075EE">
<hideElementsInCurrentOnly>false</hideElementsInCurrentOnly>
<backgroundColor>-16777216</backgroundColor>
<lineWidth>1</lineWidth>
<points>
<point x="450" y="991"/>
<point x="527" y="991"/>
</points>
</Connector>
<Connector class="oracle.dbtools.crest.swingui.relational.TVFKRelation" oid="DDC3B458-B9BF-E62F-1FA0-F2068AF2FAAD" otype="FKIndexAssociation" vid_source="37A8C2C7-9C49-4510-ED04-3B016C7C3B4C" vid_target="9A1E02A7-8808-4C36-7DB8-1300DE975C9A">
<hideElementsInCurrentOnly>false</hideElementsInCurrentOnly>
<backgroundColor>-16777216</backgroundColor>
<lineWidth>1</lineWidth>
<points>
<point x="860" y="511"/>
<point x="414" y="511"/>
</points>
</Connector>
<Connector class="oracle.dbtools.crest.swingui.relational.TVFKRelation" oid="DFFE7624-7AD2-4363-1213-D3111AD23003" otype="FKIndexAssociation" vid_source="184A0A4F-40F3-04B4-D043-7077D725D20A" vid_target="37A8C2C7-9C49-4510-ED04-3B016C7C3B4C">
<hideElementsInCurrentOnly>false</hideElementsInCurrentOnly>
<backgroundColor>-16777216</backgroundColor>
<lineWidth>1</lineWidth>
<points>
<point x="876" y="136"/>
<point x="876" y="251"/>
</points>
</Connector>
<Connector class="oracle.dbtools.crest.swingui.relational.TVFKRelation" oid="EC7551EE-D5B0-0345-CEBF-B59F06B8FACC" otype="FKIndexAssociation" vid_source="2A7B2E19-0E83-8F32-272E-2B18BB93EE7C" vid_target="834D67ED-BB6B-646B-081B-8AAE248DD69B">
<hideElementsInCurrentOnly>false</hideElementsInCurrentOnly>
<backgroundColor>-16777216</backgroundColor>
<lineWidth>1</lineWidth>
<points>
<point x="381" y="152"/>
<point x="381" y="236"/>
</points>
</Connector>
</connectors>
</Diagram>