<?xml version = '1.0' encoding = 'UTF-8'?>
<TableProxyOraclev20c class="oracle.dbtools.crest.model.design.storage.oracle.v20c.TableProxyOraclev20c" name="maquina" directorySegmentName="seg_0" id="68A7BA4B-4FAE-DD7D-C350-4C4EE4C550A3">
<createdBy>Dxtro</createdBy>
<createdTime>2025-10-12 21:58:22 UTC</createdTime>
<ownerDesignName>CristaleriaAndina</ownerDesignName>
<logging>YES</logging>
<partitionedRowMovement>DISABLE</partitionedRowMovement>
<temporaryChanged>false</temporaryChanged>
<accessDriverType>oracle_loader</accessDriverType>
<rejectLimit></rejectLimit>
<columnProxies itemClass="oracle.dbtools.crest.model.design.storage.oracle.v12c.ColumnProxyOraclev12c">
<ColumnProxy name="activo" id="0EAEA2BB-BA1C-AA66-AC0E-6408783846CB">
<createdBy>Dxtro</createdBy>
<createdTime>2025-10-12 21:58:22 UTC</createdTime>
<ownerDesignName>CristaleriaAndina</ownerDesignName>
<defaultValue>&apos;S&apos;</defaultValue>
</ColumnProxy>
<ColumnProxy name="numero_maquina" id="45EA9C48-0360-5975-18BB-0D2A7231ED7A">
<createdBy>Dxtro</createdBy>
<createdTime>2025-10-12 21:58:22 UTC</createdTime>
<ownerDesignName>CristaleriaAndina</ownerDesignName>
</ColumnProxy>
<ColumnProxy name="id_planta" id="8F05DAFD-9FBF-1A62-4BF8-FF24F82B6068">
<createdBy>Dxtro</createdBy>
<createdTime>2025-10-12 21:58:22 UTC</createdTime>
<ownerDesignName>CristaleriaAndina</ownerDesignName>
</ColumnProxy>
<ColumnProxy name="id_tipo" id="98434DD4-C463-5F91-D9D8-C1ABFE6A33EA">
<createdBy>Dxtro</createdBy>
<createdTime>2025-10-12 21:58:22 UTC</createdTime>
<ownerDesignName>CristaleriaAndina</ownerDesignName>
</ColumnProxy>
<ColumnProxy name="id_maquina" id="BF458256-E707-4124-3235-D9FC09773714">
<createdBy>Dxtro</createdBy>
<createdTime>2025-10-12 21:58:22 UTC</createdTime>
<ownerDesignName>CristaleriaAndina</ownerDesignName>
</ColumnProxy>
<ColumnProxy name="nom_maquina" id="F90DF207-8473-D224-3B1A-47F6BDCBBEE2">
<createdBy>Dxtro</createdBy>
<createdTime>2025-10-12 21:58:22 UTC</createdTime>
<ownerDesignName>CristaleriaAndina</ownerDesignName>
</ColumnProxy>
</columnProxies>
<foreignKeys>
<ForeignKey class="oracle.dbtools.crest.model.design.storage.oracle.v10g.FKProxyOraclev10g" name="fk_maquina_tipo" id="2DB630EF-D0E0-1F5C-84DC-61E0D41A4E28">
<createdBy>Dxtro</createdBy>
<createdTime>2025-10-12 21:58:22 UTC</createdTime>
<ownerDesignName>CristaleriaAndina</ownerDesignName>
</ForeignKey>
<ForeignKey class="oracle.dbtools.crest.model.design.storage.oracle.v10g.FKProxyOraclev10g" name="fk_maquina_planta" id="EA094E49-D31E-508E-7627-3144BC941F9B">
<createdBy>Dxtro</createdBy>
<createdTime>2025-10-12 21:58:22 UTC</createdTime>
<ownerDesignName>CristaleriaAndina</ownerDesignName>
</ForeignKey>
</foreignKeys>
<primaryKeys>
<PrimaryKey class="oracle.dbtools.crest.model.design.storage.oracle.v10g.PKProxyOraclev10g" name="pk_maquina" id="CB48BE1D-6CD6-A023-0BD7-7ABE3196E83E">
<createdBy>Dxtro</createdBy>
<createdTime>2025-10-12 21:58:22 UTC</createdTime>
<ownerDesignName>CristaleriaAndina</ownerDesignName>
<indexSort>SORTED</indexSort>
</PrimaryKey>
</primaryKeys>
<tableCheckConstraints itemClass="oracle.dbtools.crest.model.design.storage.oracle.TableCheckConstraintOracle">
<TableCheckConstraint name="ck_maquina_activo" id="76D48F44-7551-4F23-859F-1C5497E43BCC">
<createdBy>Dxtro</createdBy>
<createdTime>2025-10-12 21:58:22 UTC</createdTime>
<ownerDesignName>CristaleriaAndina</ownerDesignName>
<nameChanged>true</nameChanged>
</TableCheckConstraint>
</tableCheckConstraints>
<uniqueKeys>
<UniqueKey class="oracle.dbtools.crest.model.design.storage.oracle.v10g.UniqueOraclev10g" name="uq_maquina_cod" id="01FE5D60-AD3F-A272-2E21-B657D6AD63FA">
<createdBy>Dxtro</createdBy>
<createdTime>2025-10-12 21:58:22 UTC</createdTime>
<ownerDesignName>CristaleriaAndina</ownerDesignName>
<indexSort>SORTED</indexSort>
</UniqueKey>
</uniqueKeys>
</TableProxyOraclev20c>