<?xml version = '1.0' encoding = 'UTF-8'?>
<FKIndexAssociation class="oracle.dbtools.crest.model.design.relational.FKIndexAssociation" directorySegmentName="seg_0" id="1B7666B9-EAAB-6659-E250-3957BE6760E2" containerWithKeyObject="68A7BA4B-4FAE-DD7D-C350-4C4EE4C550A3" localFKIndex="2DB630EF-D0E0-1F5C-84DC-61E0D41A4E28" name="fk_maquina_tipo">
<sourceDDLFile>CristaleriaAndina_S9.sql</sourceDDLFile>
<createdBy>Dxtro</createdBy>
<createdTime>2025-10-12 21:58:22 UTC</createdTime>
<ownerDesignName>CristaleriaAndina</ownerDesignName>
<importedID>71FE7C3D-D52D-DAA2-DCF9-1600D26CC23E</importedID>
<referredTableLongName>tipo_maquina</referredTableLongName>
<deleteRule>NO ACTION</deleteRule>
<referredTableID>88ADB0FE-1E31-3100-83D4-A1F61C5B0C3A</referredTableID>
<keyObject>AC6F2D43-2ABC-51BC-F30D-77A6E8837036</keyObject>
<referredKeyID>AC6F2D43-2ABC-51BC-F30D-77A6E8837036</referredKeyID>
<mandatory>true</mandatory>
<refColNames>id_tipo</refColNames>
<transferable>true</transferable>
<rely>false</rely>
<columnDependencyConstraintGenerateInDDL>true</columnDependencyConstraintGenerateInDDL>
</FKIndexAssociation>