<?xml version = '1.0' encoding = 'UTF-8'?>
<FKIndexAssociation class="oracle.dbtools.crest.model.design.relational.FKIndexAssociation" directorySegmentName="seg_0" id="1E7E0A1A-2DDE-07CC-EF0E-CC636B38F254" containerWithKeyObject="81B505D8-AA1F-2A6D-A25D-D7EEA6F161FC" localFKIndex="3201B2E7-013C-D169-2F40-A688D0CB966D" name="fk_orden_tecnico">
<sourceDDLFile>CristaleriaAndina_S9.sql</sourceDDLFile>
<createdBy>Dxtro</createdBy>
<createdTime>2025-10-12 21:58:22 UTC</createdTime>
<ownerDesignName>CristaleriaAndina</ownerDesignName>
<importedID>496E0D5D-33D6-B312-68F0-8E29C7724653</importedID>
<referredTableLongName>tecnico_mantencion</referredTableLongName>
<deleteRule>NO ACTION</deleteRule>
<referredTableID>6F706AEC-1C07-8AF3-4C29-8D8079026FD0</referredTableID>
<keyObject>81ECE918-77C7-9917-4F57-AA18ABDD12D1</keyObject>
<referredKeyID>81ECE918-77C7-9917-4F57-AA18ABDD12D1</referredKeyID>
<mandatory>true</mandatory>
<refColNames>id_empleado</refColNames>
<transferable>true</transferable>
<rely>false</rely>
<columnDependencyConstraintGenerateInDDL>true</columnDependencyConstraintGenerateInDDL>
</FKIndexAssociation>