<?xml version = '1.0' encoding = 'UTF-8'?>
<FKIndexAssociation class="oracle.dbtools.crest.model.design.relational.FKIndexAssociation" directorySegmentName="seg_0" id="235D3F0B-46BB-1F3A-12C2-755841C54660" containerWithKeyObject="8F056B3F-6543-4A9D-298A-4ED9B8B48A05" localFKIndex="C1A4A4B9-CBF0-B844-48F4-0439D6305295" name="fk_empleado_jefe">
<sourceDDLFile>CristaleriaAndina_S9.sql</sourceDDLFile>
<createdBy>Dxtro</createdBy>
<createdTime>2025-10-12 21:58:22 UTC</createdTime>
<ownerDesignName>CristaleriaAndina</ownerDesignName>
<importedID>16D0148D-1779-0D5C-A2D8-BE250F46983E</importedID>
<referredTableLongName>empleado</referredTableLongName>
<deleteRule>NO ACTION</deleteRule>
<referredTableID>8F056B3F-6543-4A9D-298A-4ED9B8B48A05</referredTableID>
<keyObject>38142CEC-BC0D-493B-C3E0-FA8A90B5367D</keyObject>
<referredKeyID>38142CEC-BC0D-493B-C3E0-FA8A90B5367D</referredKeyID>
<mandatory>false</mandatory>
<refColNames>id_empleado</refColNames>
<transferable>true</transferable>
<rely>false</rely>
<columnDependencyConstraintGenerateInDDL>true</columnDependencyConstraintGenerateInDDL>
</FKIndexAssociation>