<?xml version = '1.0' encoding = 'UTF-8'?>
<FKIndexAssociation class="oracle.dbtools.crest.model.design.relational.FKIndexAssociation" directorySegmentName="seg_0" id="34418E81-CC9D-74DF-F8D8-279AE22541FD" containerWithKeyObject="1B03D34A-BD16-0677-A9CA-516079915694" localFKIndex="C18DB2EE-76DA-6521-9C8D-C506E257096C" name="fk_planta_comuna">
<sourceDDLFile>CristaleriaAndina_S9.sql</sourceDDLFile>
<createdBy>Dxtro</createdBy>
<createdTime>2025-10-12 21:58:22 UTC</createdTime>
<ownerDesignName>CristaleriaAndina</ownerDesignName>
<importedID>13823B36-A803-F746-CE9F-A2DF4DE1A176</importedID>
<referredTableLongName>comuna</referredTableLongName>
<deleteRule>NO ACTION</deleteRule>
<referredTableID>A95B9B34-6580-A9BF-A571-9A1E00B8622C</referredTableID>
<keyObject>7ED67EE3-D98B-675F-4AA1-E8D544D83E7C</keyObject>
<referredKeyID>7ED67EE3-D98B-675F-4AA1-E8D544D83E7C</referredKeyID>
<mandatory>true</mandatory>
<refColNames>id_comuna</refColNames>
<transferable>true</transferable>
<rely>false</rely>
<columnDependencyConstraintGenerateInDDL>true</columnDependencyConstraintGenerateInDDL>
</FKIndexAssociation>