<?xml version = '1.0' encoding = 'UTF-8'?>
<FKIndexAssociation class="oracle.dbtools.crest.model.design.relational.FKIndexAssociation" directorySegmentName="seg_0" id="3D5F34C2-1C42-3D62-4188-64DE61FBC985" containerWithKeyObject="8F056B3F-6543-4A9D-298A-4ED9B8B48A05" localFKIndex="577B6451-32AE-9C08-9FC8-FDDF744F7078" name="fk_empleado_planta">
<sourceDDLFile>CristaleriaAndina_S9.sql</sourceDDLFile>
<createdBy>Dxtro</createdBy>
<createdTime>2025-10-12 21:58:22 UTC</createdTime>
<ownerDesignName>CristaleriaAndina</ownerDesignName>
<importedID>5521CF0A-23DD-0C2A-A102-BC5E6BC987F7</importedID>
<referredTableLongName>planta</referredTableLongName>
<deleteRule>NO ACTION</deleteRule>
<referredTableID>1B03D34A-BD16-0677-A9CA-516079915694</referredTableID>
<keyObject>3D9973B8-6BD7-8FDB-0EE2-A7FF875ECC8C</keyObject>
<referredKeyID>3D9973B8-6BD7-8FDB-0EE2-A7FF875ECC8C</referredKeyID>
<mandatory>true</mandatory>
<refColNames>id_planta</refColNames>
<transferable>true</transferable>
<rely>false</rely>
<columnDependencyConstraintGenerateInDDL>true</columnDependencyConstraintGenerateInDDL>
</FKIndexAssociation>