<?xml version = '1.0' encoding = 'UTF-8'?>
<FKIndexAssociation class="oracle.dbtools.crest.model.design.relational.FKIndexAssociation" directorySegmentName="seg_0" id="50C9BF1E-F0B6-FCD6-148E-997D2CA61A9C" containerWithKeyObject="DC0FE2EE-9E7E-B3B2-6A2D-60DD15181C1F" localFKIndex="B4FF6544-6B00-F9FA-157B-DC456264D571" name="fk_asig_maquina">
<sourceDDLFile>CristaleriaAndina_S9.sql</sourceDDLFile>
<createdBy>Dxtro</createdBy>
<createdTime>2025-10-12 21:58:22 UTC</createdTime>
<ownerDesignName>CristaleriaAndina</ownerDesignName>
<importedID>6217C50D-05A4-3B90-05F9-C2A42E722564</importedID>
<referredTableLongName>maquina</referredTableLongName>
<deleteRule>NO ACTION</deleteRule>
<referredTableID>68A7BA4B-4FAE-DD7D-C350-4C4EE4C550A3</referredTableID>
<keyObject>CB48BE1D-6CD6-A023-0BD7-7ABE3196E83E</keyObject>
<referredKeyID>CB48BE1D-6CD6-A023-0BD7-7ABE3196E83E</referredKeyID>
<mandatory>true</mandatory>
<refColNames>id_maquina</refColNames>
<transferable>true</transferable>
<rely>false</rely>
<columnDependencyConstraintGenerateInDDL>true</columnDependencyConstraintGenerateInDDL>
</FKIndexAssociation>