<?xml version = '1.0' encoding = 'UTF-8'?>
<FKIndexAssociation class="oracle.dbtools.crest.model.design.relational.FKIndexAssociation" directorySegmentName="seg_0" id="7B4AE4B8-90EE-DA2A-42E9-02D090B49D13" containerWithKeyObject="81B505D8-AA1F-2A6D-A25D-D7EEA6F161FC" localFKIndex="F554B950-68F2-0F1F-E986-8FAB5DF9D7F7" name="fk_orden_maquina">
<sourceDDLFile>CristaleriaAndina_S9.sql</sourceDDLFile>
<createdBy>Dxtro</createdBy>
<createdTime>2025-10-12 21:58:22 UTC</createdTime>
<ownerDesignName>CristaleriaAndina</ownerDesignName>
<importedID>D6D57D21-FF05-C0F7-A539-560CFE9B9523</importedID>
<referredTableLongName>maquina</referredTableLongName>
<deleteRule>NO ACTION</deleteRule>
<referredTableID>68A7BA4B-4FAE-DD7D-C350-4C4EE4C550A3</referredTableID>
<keyObject>CB48BE1D-6CD6-A023-0BD7-7ABE3196E83E</keyObject>
<referredKeyID>CB48BE1D-6CD6-A023-0BD7-7ABE3196E83E</referredKeyID>
<mandatory>true</mandatory>
<refColNames>id_maquina</refColNames>
<transferable>true</transferable>
<rely>false</rely>
<columnDependencyConstraintGenerateInDDL>true</columnDependencyConstraintGenerateInDDL>
</FKIndexAssociation>