<?xml version = '1.0' encoding = 'UTF-8'?>
<FKIndexAssociation class="oracle.dbtools.crest.model.design.relational.FKIndexAssociation" directorySegmentName="seg_0" id="7C485A20-8140-8B5A-446A-DAE110D47BD4" containerWithKeyObject="8F056B3F-6543-4A9D-298A-4ED9B8B48A05" localFKIndex="7797B901-2742-06C1-5458-72AEE5679BA0" name="fk_empleado_afp">
<sourceDDLFile>CristaleriaAndina_S9.sql</sourceDDLFile>
<createdBy>Dxtro</createdBy>
<createdTime>2025-10-12 21:58:22 UTC</createdTime>
<ownerDesignName>CristaleriaAndina</ownerDesignName>
<importedID>73F36428-1C71-622D-5A01-DF766B32C9AF</importedID>
<referredTableLongName>afp</referredTableLongName>
<deleteRule>NO ACTION</deleteRule>
<referredTableID>6749D277-4EB2-CBDB-79DC-B7E819277F20</referredTableID>
<keyObject>1C89572E-8D5C-C625-2C50-4892307032FB</keyObject>
<referredKeyID>1C89572E-8D5C-C625-2C50-4892307032FB</referredKeyID>
<mandatory>true</mandatory>
<refColNames>id_afp</refColNames>
<transferable>true</transferable>
<rely>false</rely>
<columnDependencyConstraintGenerateInDDL>true</columnDependencyConstraintGenerateInDDL>
</FKIndexAssociation>