<?xml version = '1.0' encoding = 'UTF-8'?>
<FKIndexAssociation class="oracle.dbtools.crest.model.design.relational.FKIndexAssociation" directorySegmentName="seg_0" id="81006DCD-2621-A032-92DC-5766B4AB2CEC" containerWithKeyObject="6F706AEC-1C07-8AF3-4C29-8D8079026FD0" localFKIndex="D0E5816C-8D43-254D-7C48-B295E7F0F342" name="fk_tecnico_empleado">
<sourceDDLFile>CristaleriaAndina_S9.sql</sourceDDLFile>
<createdBy>Dxtro</createdBy>
<createdTime>2025-10-12 21:58:22 UTC</createdTime>
<ownerDesignName>CristaleriaAndina</ownerDesignName>
<importedID>DDD4B01C-2EB0-C3ED-D208-59ABF2A8FD6A</importedID>
<referredTableLongName>empleado</referredTableLongName>
<deleteRule>NO ACTION</deleteRule>
<referredTableID>8F056B3F-6543-4A9D-298A-4ED9B8B48A05</referredTableID>
<keyObject>38142CEC-BC0D-493B-C3E0-FA8A90B5367D</keyObject>
<referredKeyID>38142CEC-BC0D-493B-C3E0-FA8A90B5367D</referredKeyID>
<mandatory>true</mandatory>
<refColNames>id_empleado</refColNames>
<transferable>true</transferable>
<rely>false</rely>
<columnDependencyConstraintGenerateInDDL>true</columnDependencyConstraintGenerateInDDL>
</FKIndexAssociation>