<?xml version = '1.0' encoding = 'UTF-8'?>
<FKIndexAssociation class="oracle.dbtools.crest.model.design.relational.FKIndexAssociation" directorySegmentName="seg_0" id="856F460D-D6F3-D00D-2293-40226ADB79A4" containerWithKeyObject="8F056B3F-6543-4A9D-298A-4ED9B8B48A05" localFKIndex="862B163D-C3C1-2F4A-B48B-6EC8B949A551" name="fk_empleado_salud">
<sourceDDLFile>CristaleriaAndina_S9.sql</sourceDDLFile>
<createdBy>Dxtro</createdBy>
<createdTime>2025-10-12 21:58:22 UTC</createdTime>
<ownerDesignName>CristaleriaAndina</ownerDesignName>
<importedID>8B58D291-1049-A450-5D7A-E696147F0C91</importedID>
<referredTableLongName>salud</referredTableLongName>
<deleteRule>NO ACTION</deleteRule>
<referredTableID>7B65350E-F290-8229-11D3-65637B8EC0E1</referredTableID>
<keyObject>C1D2F4C8-3F84-0F3A-E422-7CF081048E5C</keyObject>
<referredKeyID>C1D2F4C8-3F84-0F3A-E422-7CF081048E5C</referredKeyID>
<mandatory>true</mandatory>
<refColNames>id_salud</refColNames>
<transferable>true</transferable>
<rely>false</rely>
<columnDependencyConstraintGenerateInDDL>true</columnDependencyConstraintGenerateInDDL>
</FKIndexAssociation>