<?xml version = '1.0' encoding = 'UTF-8'?>
<FKIndexAssociation class="oracle.dbtools.crest.model.design.relational.FKIndexAssociation" directorySegmentName="seg_0" id="C2A0715D-CC51-10BE-894C-3F48F5DAF13C" containerWithKeyObject="68A7BA4B-4FAE-DD7D-C350-4C4EE4C550A3" localFKIndex="EA094E49-D31E-508E-7627-3144BC941F9B" name="fk_maquina_planta">
<sourceDDLFile>CristaleriaAndina_S9.sql</sourceDDLFile>
<createdBy>Dxtro</createdBy>
<createdTime>2025-10-12 21:58:22 UTC</createdTime>
<ownerDesignName>CristaleriaAndina</ownerDesignName>
<importedID>9FAFD005-123F-41B7-FB1B-E141749EAB63</importedID>
<referredTableLongName>planta</referredTableLongName>
<deleteRule>NO ACTION</deleteRule>
<referredTableID>1B03D34A-BD16-0677-A9CA-516079915694</referredTableID>
<keyObject>3D9973B8-6BD7-8FDB-0EE2-A7FF875ECC8C</keyObject>
<referredKeyID>3D9973B8-6BD7-8FDB-0EE2-A7FF875ECC8C</referredKeyID>
<mandatory>true</mandatory>
<refColNames>id_planta</refColNames>
<transferable>true</transferable>
<rely>false</rely>
<columnDependencyConstraintGenerateInDDL>true</columnDependencyConstraintGenerateInDDL>
</FKIndexAssociation>