<?xml version = '1.0' encoding = 'UTF-8'?>
<FKIndexAssociation class="oracle.dbtools.crest.model.design.relational.FKIndexAssociation" directorySegmentName="seg_0" id="C53D6F4C-DFCE-7999-3D0C-F5608F861855" containerWithKeyObject="E58D9DEE-7BDC-7856-46FF-5301131E8EC3" localFKIndex="11385E4A-51BF-CD21-2B03-9B50A8FC8A08" name="fk_operario_empleado">
<sourceDDLFile>CristaleriaAndina_S9.sql</sourceDDLFile>
<createdBy>Dxtro</createdBy>
<createdTime>2025-10-12 21:58:22 UTC</createdTime>
<ownerDesignName>CristaleriaAndina</ownerDesignName>
<importedID>B2EAD744-F58B-F973-05BC-E4C6C2A86AA8</importedID>
<referredTableLongName>empleado</referredTableLongName>
<deleteRule>NO ACTION</deleteRule>
<referredTableID>8F056B3F-6543-4A9D-298A-4ED9B8B48A05</referredTableID>
<keyObject>38142CEC-BC0D-493B-C3E0-FA8A90B5367D</keyObject>
<referredKeyID>38142CEC-BC0D-493B-C3E0-FA8A90B5367D</referredKeyID>
<mandatory>true</mandatory>
<refColNames>id_empleado</refColNames>
<transferable>true</transferable>
<rely>false</rely>
<columnDependencyConstraintGenerateInDDL>true</columnDependencyConstraintGenerateInDDL>
</FKIndexAssociation>