<?xml version = '1.0' encoding = 'UTF-8'?>
<FKIndexAssociation class="oracle.dbtools.crest.model.design.relational.FKIndexAssociation" directorySegmentName="seg_0" id="CC51A639-57C1-46B6-4C80-932D68F7DF19" containerWithKeyObject="DC0FE2EE-9E7E-B3B2-6A2D-60DD15181C1F" localFKIndex="A8ED8EC0-F00A-B398-AF11-1BA363923B60" name="fk_asig_turno">
<sourceDDLFile>CristaleriaAndina_S9.sql</sourceDDLFile>
<createdBy>Dxtro</createdBy>
<createdTime>2025-10-12 21:58:22 UTC</createdTime>
<ownerDesignName>CristaleriaAndina</ownerDesignName>
<importedID>4C594506-F430-749C-488C-F87194BA43DF</importedID>
<referredTableLongName>turno</referredTableLongName>
<deleteRule>NO ACTION</deleteRule>
<referredTableID>CB0292E6-7B2D-C5FA-C02F-D561F1766C29</referredTableID>
<keyObject>744D513B-8F41-33D4-0C9F-D036DC053A38</keyObject>
<referredKeyID>744D513B-8F41-33D4-0C9F-D036DC053A38</referredKeyID>
<mandatory>true</mandatory>
<refColNames>id_turno</refColNames>
<transferable>true</transferable>
<rely>false</rely>
<columnDependencyConstraintGenerateInDDL>true</columnDependencyConstraintGenerateInDDL>
</FKIndexAssociation>