<?xml version = '1.0' encoding = 'UTF-8'?>
<FKIndexAssociation class="oracle.dbtools.crest.model.design.relational.FKIndexAssociation" directorySegmentName="seg_0" id="F3D7129E-0A92-C596-6603-69DBD3BEA375" containerWithKeyObject="DC0FE2EE-9E7E-B3B2-6A2D-60DD15181C1F" localFKIndex="F5DE772E-FC62-433E-704F-480715F87C04" name="fk_asig_empleado">
<sourceDDLFile>CristaleriaAndina_S9.sql</sourceDDLFile>
<createdBy>Dxtro</createdBy>
<createdTime>2025-10-12 21:58:22 UTC</createdTime>
<ownerDesignName>CristaleriaAndina</ownerDesignName>
<importedID>D9EAA74A-4E21-E163-F111-2D42B1C6503E</importedID>
<referredTableLongName>empleado</referredTableLongName>
<deleteRule>NO ACTION</deleteRule>
<referredTableID>8F056B3F-6543-4A9D-298A-4ED9B8B48A05</referredTableID>
<keyObject>38142CEC-BC0D-493B-C3E0-FA8A90B5367D</keyObject>
<referredKeyID>38142CEC-BC0D-493B-C3E0-FA8A90B5367D</referredKeyID>
<mandatory>true</mandatory>
<refColNames>id_empleado</refColNames>
<transferable>true</transferable>
<rely>false</rely>
<columnDependencyConstraintGenerateInDDL>true</columnDependencyConstraintGenerateInDDL>
</FKIndexAssociation>