<?xml version = '1.0' encoding = 'UTF-8'?>
<FKIndexAssociation class="oracle.dbtools.crest.model.design.relational.FKIndexAssociation" directorySegmentName="seg_0" id="FAD9D078-E5BB-FDF4-CD06-4EBECF398B31" containerWithKeyObject="D50E28D7-8E3F-D7B5-9BD9-BBFDFC1536EE" localFKIndex="9F03EC12-B193-4088-7433-E82F8D0D270F" name="fk_jefe_empleado">
<sourceDDLFile>CristaleriaAndina_S9.sql</sourceDDLFile>
<createdBy>Dxtro</createdBy>
<createdTime>2025-10-12 21:58:22 UTC</createdTime>
<ownerDesignName>CristaleriaAndina</ownerDesignName>
<importedID>2F9D5E7B-EF02-DD02-4B9C-A0E5FE576D88</importedID>
<referredTableLongName>empleado</referredTableLongName>
<deleteRule>NO ACTION</deleteRule>
<referredTableID>8F056B3F-6543-4A9D-298A-4ED9B8B48A05</referredTableID>
<keyObject>38142CEC-BC0D-493B-C3E0-FA8A90B5367D</keyObject>
<referredKeyID>38142CEC-BC0D-493B-C3E0-FA8A90B5367D</referredKeyID>
<mandatory>true</mandatory>
<refColNames>id_empleado</refColNames>
<transferable>true</transferable>
<rely>false</rely>
<columnDependencyConstraintGenerateInDDL>true</columnDependencyConstraintGenerateInDDL>
</FKIndexAssociation>