<?xml version = '1.0' encoding = 'UTF-8'?>
<FKIndexAssociation class="oracle.dbtools.crest.model.design.relational.FKIndexAssociation" directorySegmentName="seg_0" id="FBAF1B75-6C3B-D2D9-3BE0-723F7B9B5F02" containerWithKeyObject="A95B9B34-6580-A9BF-A571-9A1E00B8622C" localFKIndex="9D540417-6264-92FB-9DBE-E827F3C8690C" name="fk_comuna_region">
<sourceDDLFile>CristaleriaAndina_S9.sql</sourceDDLFile>
<createdBy>Dxtro</createdBy>
<createdTime>2025-10-12 21:58:22 UTC</createdTime>
<ownerDesignName>CristaleriaAndina</ownerDesignName>
<importedID>F1312FC4-A80F-DFF3-363A-37A0EB887CC2</importedID>
<referredTableLongName>region</referredTableLongName>
<deleteRule>NO ACTION</deleteRule>
<referredTableID>57860DD6-0E61-F6D9-8812-13DCB24199E3</referredTableID>
<keyObject>F3E0445A-8AE5-195C-FFDA-FC8E41664A49</keyObject>
<referredKeyID>F3E0445A-8AE5-195C-FFDA-FC8E41664A49</referredKeyID>
<mandatory>true</mandatory>
<refColNames>id_region</refColNames>
<transferable>true</transferable>
<rely>false</rely>
<columnDependencyConstraintGenerateInDDL>true</columnDependencyConstraintGenerateInDDL>
</FKIndexAssociation>